Sector_score,LOCATION_ID,PARA_A,Score_A,Risk_A,PARA_B,Score_B,Risk_B,TOTAL,numbers,Score_B,Risk_C,Money_Value,Score_MV,Risk_D,District_Loss,PROB,RiSk_E,History,Prob,Risk_F,Score,Inherent_Risk,CONTROL_RISK,Detection_Risk,Audit_Risk,Class
389,23,418,6,2508,250,2,5,668,500,2,10,338,2,188,2,2,4,0,20,0,240,8574,4,5,17148,1
389,6,0,2,0,483,2,9.66,483,500,2,10,94,2,0,2,2,4,0,20,0,200,2554,4,5,5108,0
389,6,51,2,102,23,2,0.46,74,500,2,10,0,2,7050,2,2,4,0,20,0,200,1548,4,5,3096,0
389,6,0,2,0,1080,6,64.8,1080,600,6,36,1175,6,0,2,2,4,0,20,0,440,17530,4,5,35060,1
389,6,0,2,0,8,2,0.16,8,500,2,10,0,2,590,2,2,4,0,20,0,200,1416,4,5,2832,0
389,6,0,2,0,83,2,1.66,83,500,2,10,295,2,26970,2,2,4,0,20,0,200,2156,4,5,4312,0
389,7,110,4,440,741,4,29.64,851,500,2,10,4495,6,3116,2,2,4,0,20,0,320,31774,4,5,63548,1
389,8,850,6,5100,1203,6,72.18,2053,550,4,22,779,4,2936,2,2,4,0,20,0,420,18034,4,5,36068,1
389,8,840,6,5040,1105,6,66.3,1945,550,4,22,734,4,386,2,2,4,0,20,0,420,17206,4,5,34412,1
389,8,398,6,2388,99,2,1.98,497,500,2,10,193,2,884,2,2,4,0,20,0,240,4372,4,5,8744,0
389,8,543,6,3258,1077,6,64.62,1620,500,2,10,442,2,192,2,2,4,0,20,0,360,12004,4,5,24008,1
389,8,1538,6,9228,4014,6,240.84,5552,500,2,10,96,2,6258,2,4,8,1,40,40,400,35704,12,5,214224,1
389,8,547,6,3282,763,4,30.52,1310,500,2,10,1043,6,0,2,2,4,1,40,40,360,14392,8,5,57568,1
389,8,109,4,436,35,2,0.7,144,500,2,10,0,2,1.4,2,2,4,0,20,0,220,1906,4,5,3812,0
389,8,0,2,0,84,2,1.68,84,500,2,10,0.7,2,3600,2,2,4,0,20,0,200,1569.4,4,5,3138.8,0
389,13,195,4,780,901,4,36.04,1096,500,2,10,900,4,24768,2,2,4,0,20,0,300,9384,4,5,18768,1
389,37,854,6,5124,3163,6,189.78,4017,500,2,10,4128,6,8418,2,2,4,1,40,40,420,50670,8,5,202680,1
389,37,418,6,2508,483,2,9.66,901,550,4,22,1403,6,0,2,2,4,0,20,0,320,14492,4,5,28984,1
389,37,181,4,724,103,2,2.06,284,500,2,10,0,2,37908,2,2,4,0,20,0,220,2330,4,5,4660,0
389,37,486,6,2916,4678,6,280.68,5164,550,4,22,6318,6,20544,2,2,4,0,20,0,440,71492,4,5,142984,1
389,24,626,6,3756,1410,6,84.6,2036,500,2,10,3424,6,2,2,2,4,1,40,40,420,34560,8,5,138240,1
389,3,2,2,4,594,4,23.76,596,500,2,10,1,2,123114,2,2,4,0,20,0,260,3782,4,5,7564,0
389,3,531,6,3186,2279,6,136.74,2810,500,2,10,20519,6,20,2,2,4,1,40,40,420,141774,8,5,567096,1
389,3,94,2,188,1,2,0.02,95,500,2,10,10,2,6696,2,2,4,0,20,0,200,1610,4,5,3220,0
389,4,578,6,3468,5792,6,347.52,6370,500,2,10,1116,6,250,2,2,4,0,20,0,400,46316,4,5,92632,1
389,4,742,6,4452,224,2,4.48,966,500,2,10,125,2,1.4,2,2,4,0,20,0,240,6550,4,5,13100,1
389,4,0,2,0,110,2,2.2,110,500,2,10,0.7,2,292,2,2,4,0,20,0,200,1621.4,4,5,3242.8,0
389,14,685,6,4110,3176,6,190.56,3861,500,2,10,146,2,0,2,2,4,0,20,0,360,24858,4,5,49716,1
389,14,0,2,0,103,2,2.06,103,500,2,10,0,2,2712,2,2,4,0,20,0,200,1606,4,5,3212,0
389,37,0,2,0,75,2,1.5,75,500,2,10,678,4,232,2,2,4,0,20,0,220,4262,4,5,8524,0
389,37,240,6,1440,1663,6,99.78,1903,500,2,10,116,2,91446,2,2,4,0,20,0,360,13050,4,5,26100,1
389,5,0,2,0,5,2,0.1,5,500,2,10,15241,6,216,2,2,4,0,20,0,240,92856,4,5,185712,1
389,5,0,2,0,176,2,3.52,176,500,2,10,108,2,568,2,2,4,0,20,0,200,1968,4,5,3936,0
389,5,0,2,0,297,2,5.94,297,500,2,10,284,2,0,2,2,4,0,20,0,200,2562,4,5,5124,0
389,5,0,2,0,43,2,0.86,43,500,2,10,0,2,180,2,2,4,0,20,0,200,1486,4,5,2972,0
389,5,0,2,0,94,2,1.88,94,500,2,10,90,2,3868,2,2,4,0,20,0,200,1768,4,5,3536,0
389,20,901,6,5406,1982,6,118.92,2883,500,2,10,967,4,0,2,2,4,0,20,0,380,22566,4,5,45132,1
389,19,0,2,0,5,2,0.1,5,500,2,10,0,2,19608,2,2,4,0,20,0,200,1410,4,5,2820,0
389,19,1195,6,7170,3090,6,185.4,4285,500,2,10,3268,6,561018,2,2,4,0,20,0,400,46718,4,5,93436,1
389,19,797,6,4782,1718,6,103.08,2515,500,2,10,93503,6,17778,2,2,4,0,20,0,400,577508,4,5,1155016,1
389,19,0,2,0,371,2,7.42,371,500,2,10,2963,6,22,2,2,4,0,20,0,240,19920,4,5,39840,1
389,19,62,2,124,202,2,4.04,264,500,2,10,11,2,524,2,2,4,0,20,0,200,1950,4,5,3900,0
389,19,0,2,0,227,2,4.54,227,500,2,10,262,2,0,2,2,4,0,20,0,200,2378,4,5,4756,0
389,19,0,2,0,0,2,0,0,500,2,10,0,2,12,2,2,4,0,20,0,200,1400,4,5,2800,0
389,19,132,4,528,0,2,0,132,500,2,10,6,2,486,2,2,4,0,20,0,220,1940,4,5,3880,0
389,19,0,2,0,103,2,2.06,103,500,2,10,243,2,75678,2,2,4,0,20,0,200,2092,4,5,4184,0
389,21,0,2,0,1538,6,92.28,1538,500,2,10,12613,6,0,2,2,4,0,20,0,360,86306,4,5,172612,1
389,21,0,2,0,102,2,2.04,102,500,2,10,0,2,12474,2,2,4,0,20,0,200,1604,4,5,3208,0
389,21,0,2,0,2071,6,124.26,2071,500,2,10,2079,6,94152,2,2,4,2,60,120,400,27500,16,5,220000,1
389,22,295,6,1770,656,4,26.24,951,500,2,10,15692,6,7374,2,2,4,0,20,0,340,99946,4,5,199892,1
389,22,197,4,788,210,2,4.2,407,500,2,10,1229,6,458,2,6,12,0,20,0,300,10782,12,5,64692,1
389,22,0,2,0,1805,6,108.3,1805,500,2,10,229,2,3112,2,2,4,0,20,0,320,12688,4,5,25376,1
389,22,0,2,0,93,2,1.86,93,500,2,10,778,4,502,2,2,4,0,20,0,220,4698,4,5,9396,0
389,9,0,2,0,161,2,3.22,161,500,2,10,251,2,3324,2,2,4,0,20,0,200,2224,4,5,4448,0
389,9,632,6,3792,901,4,36.04,1533,500,2,10,831,4,32,2,2,4,0,20,0,320,12120,4,5,24240,1
389,9,0,2,0,105,2,2.1,105,500,2,10,16,2,28740,2,2,4,0,20,0,200,1642,4,5,3284,0
389,11,0,2,0,680,4,27.2,680,500,2,10,4790,6,3564,2,2,4,0,20,0,300,32860,4,5,65720,1
389,11,1404,6,8424,1083,6,64.98,2487,500,2,10,891,4,990,2,2,4,0,20,0,380,19886,4,5,39772,1
389,11,667,6,4002,1802,6,108.12,2469,550,4,22,495,2,350,2,2,4,2,60,120,440,19604,16,5,156832,1
389,11,0,2,0,0,2,0,0,500,2,10,175,2,136,2,2,4,0,20,0,200,1750,4,5,3500,0
389,11,0,2,0,8,2,0.16,8,500,2,10,68,2,0,2,2,4,0,20,0,200,1552,4,5,3104,0
389,11,126,4,504,5,2,0.1,131,500,2,10,0,2,12,2,2,4,0,20,0,220,1914,4,5,3828,0
389,12,0,2,0,3,2,0.06,3,500,2,10,6,2,9492,2,2,4,0,20,0,200,1418,4,5,2836,0
389,12,0,2,0,79,2,1.58,79,500,2,10,1582,6,116,2,2,4,0,20,0,240,11050,4,5,22100,1
389,12,476,6,2856,1303,6,78.18,1779,500,2,10,58,2,129186,2,2,4,1,40,40,380,12590,8,5,50360,1
389,12,881,6,5286,902,4,36.08,1783,500,2,10,21531,6,0,2,2,4,1,40,40,360,139880,8,5,559520,1
389,12,0,2,0,7,2,0.14,7,500,2,10,0,2,10,2,2,4,0,20,0,200,1414,4,5,2828,0
389,12,1392,6,8352,220,2,4.4,1612,500,2,10,5,2,0,2,2,4,0,20,0,240,10202,4,5,20404,1
389,12,107,4,428,0,2,0,107,500,2,10,0,2,0,2,2,4,0,20,0,220,1828,4,5,3656,0
389,12,0,2,0,89,2,1.78,89,500,2,10,0,2,32004,2,2,4,0,20,0,200,1578,4,5,3156,0
389,8,0,2,0,398,2,7.96,398,600,6,36,5334,6,6696,2,2,4,0,20,0,320,36800,4,5,73600,1
389,8,1000,6,6000,7426,6,445.56,8426,550,4,22,1116,6,6414,2,2,4,3,60,180,480,61652,22,5,678172,1
389,29,424,6,2544,806,4,32.24,1230,500,2,10,1069,6,2276,2,2,4,0,20,0,340,13582,4,5,27164,1
389,29,1227,6,7362,7246,6,434.76,8473,500,2,10,569,4,270,2,2,4,0,20,0,380,54514,4,5,109028,1
389,29,0,2,0,96,2,1.92,96,500,2,10,135,2,7014,2,2,4,0,20,0,200,1862,4,5,3724,0
389,30,1270,6,7620,128,2,2.56,1398,500,2,10,1169,6,8760,2,2,4,0,20,0,280,16290,4,5,32580,1
389,38,0,2,0,6313,6,378.78,6313,500,2,10,1460,6,12468,2,2,4,1,40,40,380,48438,8,5,193752,1
389,31,199,4,796,1024,6,61.44,1223,500,2,10,2078,6,61332,2,2,4,0,20,0,380,20808,4,5,41616,1
389,2,5,2,10,21,2,0.42,26,550,4,22,10222,6,148,2,2,4,0,20,0,280,63984,4,5,127968,1
389,2,0,2,0,737,4,29.48,737,500,2,10,74,2,0,2,2,4,0,20,0,260,4496,4,5,8992,0
389,2,0,2,0,372,2,7.44,372,500,2,10,0,2,524022,2,2,4,9,60,540,240,7544,58,5,218776,1
389,2,7148,6,42888,2563,6,153.78,9711,500,2,10,87337,6,0,2,2,4,0,20,0,400,583688,4,5,1167376,1
389,2,0,2,0,0,2,0,0,500,2,10,0,2,0,2,2,4,0,20,0,200,1400,4,5,2800,0
389,2,74,2,148,100,2,2,174,500,2,10,0,2,0,2,2,4,0,20,0,200,1748,4,5,3496,0
389,2,0,2,0,58,2,1.16,58,500,2,10,0,2,280,2,2,4,0,20,0,200,1516,4,5,3032,0
389,9,846,6,5076,7276,6,436.56,8122,500,2,10,140,2,84,2,4,8,2,60,120,420,52012,20,5,520120,1
389,9,42,2,84,7,2,0.14,49,500,2,10,42,2,21912,2,2,4,0,20,0,200,1582,4,5,3164,0
389,32,1,2,2,129,2,2.58,130,550,4,22,3652,6,2408,4,2,8,0,20,0,300,25172,8,5,100688,1
389,32,685,6,4110,6593,6,395.58,7278,550,4,22,602,4,10296,4,2,8,0,20,0,440,49076,8,5,196304,1
389,32,537,6,3222,862,4,34.48,1399,500,2,10,1716,6,7746,4,2,8,0,20,0,360,18766,8,5,75064,1
389,32,493,6,2958,654,4,26.16,1147,550,4,22,1291,6,0,4,2,8,0,20,0,400,16320,8,5,65280,1
389,32,122,4,488,6,2,0.12,128,500,2,10,0,2,0,4,2,8,0,20,0,240,2300,8,5,9200,0
389,32,0,2,0,85,2,1.7,85,500,2,10,0,2,6474,4,2,8,0,20,0,220,1970,8,5,7880,0
389,16,1572,6,9432,5794,6,347.64,7366,600,6,36,1079,6,692,6,2,12,0,20,0,520,55470,12,5,332820,1
389,16,495,6,2970,4261,6,255.66,4756,500,2,10,346,2,12,6,2,12,1,40,40,420,31828,16,5,254624,1
389,16,0,2,0,8,2,0.16,8,500,2,10,6,2,466,6,2,12,0,20,0,240,2228,12,5,13368,1
389,16,119,4,476,1288,6,77.28,1407,500,2,10,233,2,2232,6,2,12,0,20,0,380,10870,12,5,65220,1
389,16,0,2,0,272,2,5.44,272,500,2,10,558,4,152,6,2,12,0,20,0,260,4976,12,5,29856,1
389,16,0,2,0,166,2,3.32,166,500,2,10,76,2,15162,6,2,12,0,20,0,240,2684,12,5,16104,1
389,16,647,6,3882,1218,6,73.08,1865,500,2,10,2527,6,40,6,2,12,0,20,0,440,28552,12,5,171312,1
389,16,133,4,532,0,2,0,133,500,2,10,20,2,0,6,2,12,0,20,0,260,2772,12,5,16632,1
389,16,0,2,0,110,2,2.2,110,500,2,10,0,2,3024,6,2,12,0,20,0,240,2420,12,5,14520,1
389,33,257,6,1542,449,2,8.98,706,500,2,10,756,4,0,2,2,4,1,40,40,280,7264,8,5,29056,1
389,15,0,2,0,188,2,3.76,188,500,2,10,0,2,40218,2,2,4,0,20,0,200,1776,4,5,3552,0
389,15,77,2,154,1831,6,109.86,1908,500,2,10,6703,6,11640,2,2,4,0,20,0,360,52758,4,5,105516,1
389,15,523,6,3138,589,4,23.56,1112,500,2,10,1940,6,20898,2,2,4,0,20,0,340,18534,4,5,37068,1
389,15,659,6,3954,2366,6,141.96,3025,500,2,10,3483,6,59250,2,2,4,1,40,40,420,40848,8,5,163392,1
389,15,718,6,4308,1463,6,87.78,2181,500,2,10,9875,6,72,2,2,4,0,20,0,400,73736,4,5,147472,1
389,15,100,4,400,0,2,0,100,500,2,10,36,2,0,2,2,4,0,20,0,220,1872,4,5,3744,0
389,13,0,2,0,6,2,0.12,6,500,2,10,0,2,0,2,2,4,0,20,0,200,1412,4,5,2824,0
389,13,263,6,1578,255,2,5.1,518,500,2,10,0,2,0,2,2,4,0,20,0,240,3488,4,5,6976,0
389,13,0,2,0,87,2,1.74,87,500,2,10,0,2,21126,2,2,4,0,20,0,200,1574,4,5,3148,0
389,36,1096,6,6576,4147,6,248.82,5243,500,2,10,3521,6,0,2,2,4,1,40,40,420,54384,8,5,217536,1
389,6,0,2,0,23,2,0.46,23,500,2,10,0,2,3280,2,2,4,0,20,0,200,1446,4,5,2892,0
341,34,425,6,2550,4551,6,273.06,4976,550,4,22,820,4,12198,2,2,4,0,20,0,420,35736,4,5,71472,1
341,18,198,4,792,5142,6,308.52,5340,550,4,22,2033,6,21078,2,2,4,1,40,40,440,46842,8,5,187368,1
341,25,144,4,576,2925,6,175.5,3069,500,2,10,3513,6,38220,2,2,4,0,20,0,380,40604,4,5,81208,1
341,39,152,4,608,3733,6,223.98,3885,550,4,22,6370,6,56,2,2,4,0,20,0,420,63826,4,5,127652,1
341,39,363,6,2178,1085,4,43.4,1448,500,2,10,28,2,16278,2,2,4,0,20,0,300,7974,4,5,15948,1
341,2,135,4,540,6635,6,398.1,6770,550,4,22,2713,6,6162,2,2,4,3,60,180,460,61028,22,5,671308,1
341,39,997,6,5982,8873,6,532.38,9870,500,2,10,1027,6,7830,2,2,4,0,20,0,400,66782,4,5,133564,1
341,27,141,4,564,3616,6,216.96,3757,500,2,10,1305,6,11274,2,6,12,0,20,0,420,32290,12,5,193740,1
341,8,198,4,792,6791,6,407.46,6989,550,4,22,1879,6,10092,2,2,4,1,40,40,440,55812,8,5,223248,1
341,11,1008,6,6048,2231,6,133.86,3239,550,4,22,1682,6,6018,2,2,4,0,20,0,440,32126,4,5,64252,1
341,11,144,4,576,965,4,38.6,1109,650,6,39,1003,6,7602,2,2,4,0,20,0,400,14754,4,5,29508,1
341,12,2540,6,15240,5174,6,310.44,7714,500,2,10,1267,6,8274,6,2,12,2,60,120,480,57286,24,5,687432,1
341,12,321,6,1926,7207,6,432.42,7528,500,2,10,1379,6,6096,6,2,12,1,40,40,460,56042,16,5,448336,1
341,9,1228,6,7368,2062,6,123.72,3290,500,2,10,1016,6,3892,2,2,4,1,40,40,420,27636,8,5,110544,1
341,9,693,6,4158,7026,6,421.56,7719,500,2,10,973,4,16170,2,2,4,0,20,0,380,51606,4,5,103212,1
341,16,334,6,2004,3759,6,225.54,4093,500,2,10,2695,6,17442,2,2,4,0,20,0,400,42128,4,5,84256,1
341,13,1566,6,9396,7453,6,447.18,9019,500,2,10,2907,6,3904,2,2,4,0,20,0,400,72956,4,5,145912,1
341,13,292,6,1752,524,4,20.96,816,500,2,10,976,4,7986,2,2,4,0,20,0,320,9152,4,5,18304,1
341,37,83,2,166,2806,6,168.36,2889,500,2,10,1331,6,136,2,2,4,0,20,0,360,26388,4,5,52776,1
341,13,197,4,788,3025,6,181.5,3222,500,2,10,68,2,3080,2,2,4,0,20,0,340,20474,4,5,40948,1
341,5,1000,6,6000,4790,6,287.4,5790,500,2,10,770,4,6240,2,2,4,0,20,0,380,39220,4,5,78440,1
341,35,1306,6,7836,4542,6,272.52,5848,500,2,10,1040,6,12372,2,2,4,0,20,0,400,42728,4,5,85456,1
341,38,135,4,540,3325,6,199.5,3460,550,4,22,2062,6,26412,2,2,4,0,20,0,420,35462,4,5,70924,1
341,4,413,6,2478,1674,6,100.44,2087,500,2,10,4402,6,26118,2,2,4,0,20,0,400,40334,4,5,80668,1
341,31,1262,6,7572,8006,6,480.36,9268,550,4,22,4353,6,7218,4,2,8,0,20,0,460,84726,8,5,338904,1
341,31,1636,6,9816,4110,6,246.6,5746,500,2,10,1203,6,7128,4,2,8,0,20,0,420,43494,8,5,173976,1
341,16,1268,6,7608,4100,6,246,5368,550,4,22,1188,6,2784,2,2,4,0,20,0,440,41936,4,5,83872,1
341,16,1173,6,7038,8587,6,515.22,9760,500,2,10,696,4,12642,2,2,4,1,40,40,400,63144,8,5,252576,1
341,22,515,6,3090,4467,6,268.02,4982,550,4,22,2107,6,34296,2,2,4,0,20,0,440,45134,4,5,90268,1
341,7,661,6,3966,5562,6,333.72,6223,500,2,10,5716,6,6390,2,4,8,0,20,0,420,73434,8,5,293736,1
341,8,803,6,4818,9443,6,566.58,10246,550,4,22,1065,6,2144,2,2,4,2,60,120,480,71666,16,5,573328,1
341,8,121,4,484,3403,6,204.18,3524,500,2,10,536,4,490,2,2,4,0,20,0,360,24446,4,5,48892,1
341,19,164,4,656,4621,6,277.26,4785,500,2,10,245,2,18966,2,2,4,0,20,0,340,30272,4,5,60544,1
341,19,121,4,484,4384,6,263.04,4505,550,4,22,3161,6,20592,2,2,4,0,20,0,420,48354,4,5,96708,1
341,29,110,4,440,8771,6,526.26,8881,550,4,22,3432,6,848,2,2,4,0,20,0,420,76258,4,5,152516,1
341,29,417,6,2502,2437,6,146.22,2854,500,2,10,424,2,3352,2,2,4,0,20,0,360,19372,4,5,38744,1
341,20,108,4,432,3271,6,196.26,3379,500,2,10,838,4,13260,2,2,4,0,20,0,360,24810,4,5,49620,1
341,29,1229,6,7374,2574,6,154.44,3803,500,2,10,2210,6,32442,2,4,8,0,20,0,420,37878,8,5,151512,1
341,32,1254,6,7524,3162,6,189.72,4416,500,2,10,5407,6,16608,2,2,4,0,20,0,400,60338,4,5,120676,1
341,9,1726,6,10356,4422,6,265.32,6148,500,2,10,2768,6,12870,2,2,4,1,40,40,420,55296,8,5,221184,1
341,30,115,4,460,2010,6,120.6,2125,600,6,36,2145,6,6654,2,2,4,0,20,0,460,29390,4,5,58780,1
341,15,2004,6,12024,4890,6,293.4,6894,500,2,10,1109,6,6084,2,2,4,0,20,0,400,49418,4,5,98836,1
341,15,1217,6,7302,4700,6,282,5917,600,6,36,1014,6,31278,2,2,4,0,20,0,480,45586,4,5,91172,1
341,40,1037,6,6222,10556,6,633.36,11593,900,6,54,5213,6,10212,2,2,4,0,20,0,480,106636,4,5,213272,1
341,41,967,6,5802,6225,6,373.5,7192,550,4,22,1702,6,10800,2,2,4,0,20,0,440,55964,4,5,111928,1
341,42,377,6,2262,4086,6,245.16,4463,500,2,10,1800,6,41856,2,2,4,0,20,0,400,38978,4,5,77956,1
341,22,473,6,2838,6022,6,361.32,6495,500,2,10,6976,6,8328,2,2,4,0,20,0,400,82226,4,5,164452,1
341,11,631,6,3786,1942,6,116.52,2573,550,4,22,1388,6,806,2,2,4,0,20,0,440,26366,4,5,52732,1
341,13,561,6,3366,156,2,3.12,717,500,2,10,403,2,488,2,2,4,0,20,0,240,5884,4,5,11768,1
341,37,522,6,3132,2094,6,125.64,2616,500,2,10,244,2,47388,2,2,4,0,20,0,360,17584,4,5,35168,1
341,19,31,2,62,5812,6,348.72,5843,500,2,10,7898,6,2752,2,4,8,0,20,0,380,84122,8,5,336488,1
341,15,286,6,1716,1709,6,102.54,1995,550,4,22,688,4,2196,2,2,4,0,20,0,420,17322,4,5,34644,1
341,14,1653,6,9918,7299,6,437.94,8952,500,2,10,549,4,22674,2,2,4,1,40,40,400,57708,8,5,230832,1
341,22,270,6,1620,4516,6,270.96,4786,500,2,10,3779,6,72,2,2,4,0,20,0,400,52790,4,5,105580,1
341,8,308,6,1848,6078,6,364.68,6386,500,2,10,36,2,36528,2,2,4,0,20,0,360,39788,4,5,79576,1
341,32,200,6,1200,4919,6,295.14,5119,500,2,10,6088,6,109920,2,2,4,1,40,40,420,69042,8,5,276168,1
341,2,118,4,472,0,2,0,118,550,4,22,18320,6,6012,2,4,8,0,20,0,320,113392,8,5,453568,1
341,39,107,4,428,0,2,0,107,500,2,10,1002,6,0,2,2,4,0,20,0,260,7840,4,5,15680,1
341,12,107,4,428,0,2,0,107,500,2,10,0,2,0,6,2,12,0,20,0,260,2628,12,5,15768,1
341,13,101,4,404,0,2,0,101,500,2,10,0,2,0,2,2,4,0,20,0,220,1804,4,5,3608,0
341,5,93,2,186,0,2,0,93,500,2,10,0,2,0,2,2,4,0,20,0,200,1586,4,5,3172,0
341,4,401,6,2406,0,2,0,401,500,2,10,0,2,64,2,2,4,0,20,0,240,3806,4,5,7612,0
341,32,77,2,154,0,2,0,77,500,2,10,32,2,0,2,2,4,0,20,0,200,1618,4,5,3236,0
341,16,105,4,420,0,2,0,105,500,2,10,0,2,56,2,2,4,0,20,0,220,1820,4,5,3640,0
341,15,101,4,404,0,2,0,101,500,2,10,28,2,0,2,2,4,0,20,0,220,1860,4,5,3720,0
341,19,91,2,182,0,2,0,91,500,2,10,0,2,0,2,2,4,0,20,0,200,1582,4,5,3164,0
341,8,112,4,448,0,2,0,112,500,2,10,0,2,36,2,2,4,0,20,0,220,1848,4,5,3696,0
341,9,80,2,160,0,2,0,80,500,2,10,18,2,0,2,2,4,0,20,0,200,1596,4,5,3192,0
341,22,65,2,130,0,2,0,65,500,2,10,0,2,0,2,2,4,0,20,0,200,1530,4,5,3060,0
341,29,63,2,126,0,2,0,63,500,2,10,0,2,0,2,2,4,0,20,0,200,1526,4,5,3052,0
341,6,43,2,86,0,2,0,43,500,2,10,0,2,0,2,2,4,0,20,0,200,1486,4,5,2972,0
341,11,121,4,484,0,2,0,121,500,2,10,0,2,0,2,2,4,0,20,0,220,1884,4,5,3768,0
341,31,17,2,34,0,2,0,17,500,2,10,0,2,0,2,2,4,0,20,0,200,1434,4,5,2868,0
341,18,0,2,0,0,2,0,0,500,2,10,0,2,0,4,2,8,0,20,0,220,1800,8,5,7200,0
341,14,0,2,0,0,2,0,0,500,2,10,0,2,0,2,2,4,0,20,0,200,1400,4,5,2800,0
341,36,7,2,14,0,2,0,7,500,2,10,0,2,29136,2,2,4,0,20,0,200,1414,4,5,2828,0
272,18,511,6,3066,5376,6,322.56,5887,600,6,36,4856,6,0,2,2,4,2,60,120,520,69658,16,5,557264,1
272,39,246,6,1476,672,4,26.88,918,500,2,10,0,2,11070,2,2,4,0,20,0,300,5564,4,5,11128,1
272,39,405,6,2430,2166,6,129.96,2571,550,4,22,1845,6,3376,2,2,4,0,20,0,440,29096,4,5,58192,1
272,39,281,6,1686,460,2,9.2,741,500,2,10,844,4,23790,2,2,4,0,20,0,260,7382,4,5,14764,1
272,25,443,6,2658,6147,6,368.82,6590,550,4,22,3965,6,3812,2,2,4,0,20,0,440,65930,4,5,131860,1
272,39,348,6,2088,1785,6,107.1,2133,500,2,10,953,4,26802,2,2,4,0,20,0,380,18010,4,5,36020,1
272,8,362,6,2172,4428,6,265.68,4790,500,2,10,4467,6,684,2,2,4,0,20,0,400,56942,4,5,113884,1
272,8,434,6,2604,2413,6,144.78,2847,500,2,10,342,2,0,2,2,4,0,20,0,360,19166,4,5,38332,1
272,12,362,6,2172,837,4,33.48,1199,500,2,10,0,2,15984,2,2,4,0,20,0,300,6920,4,5,13840,1
272,11,311,6,1866,11397,6,683.82,11708,550,4,22,2664,6,10146,2,2,4,0,20,0,440,88832,4,5,177664,1
272,9,165,4,660,2086,6,125.16,2251,500,2,10,1691,6,0,2,2,4,0,20,0,380,24722,4,5,49444,1
272,12,343,6,2058,153,2,3.06,496,500,2,10,0,2,7740,2,2,4,0,20,0,240,3764,4,5,7528,0
272,9,384,6,2304,9867,6,592.02,10251,500,2,10,1290,6,2716,2,2,4,0,20,0,400,70646,4,5,141292,1
272,12,742,6,4452,11587,6,695.22,12329,600,6,36,679,4,3504,2,2,4,1,40,40,480,81090,8,5,324360,1
272,12,707,6,4242,3548,6,212.88,4255,500,2,10,876,4,42,2,2,4,0,20,0,380,30434,4,5,60868,1
272,2,326,6,1956,555,4,22.2,881,500,2,10,21,2,11808,6,2,12,0,20,0,340,6418,12,5,38508,1
272,13,384,6,2304,14439,6,866.34,14823,500,2,10,1968,6,8562,2,4,8,1,40,40,440,102946,12,5,617676,1
272,13,550,6,3300,9326,6,559.56,9876,500,2,10,1427,6,9714,2,2,4,0,20,0,400,69218,4,5,138436,1
272,5,190,4,760,3504,6,210.24,3694,650,6,39,1619,6,2012,2,2,4,0,20,0,460,35798,4,5,71596,1
272,5,350,6,2100,1609,6,96.54,1959,500,2,10,503,4,22,2,2,4,0,20,0,380,15166,4,5,30332,1
272,5,146,4,584,75,2,1.5,221,500,2,10,11,2,8460,2,2,4,0,20,0,220,2156,4,5,4312,0
272,38,460,6,2760,5499,6,329.94,5959,500,2,10,1410,6,61434,2,2,4,0,20,0,400,45614,4,5,91228,1
272,5,743,6,4458,7950,6,477,8693,500,2,10,10239,6,852,2,2,4,0,20,0,400,114992,4,5,229984,1
272,11,351,6,2106,5289,6,317.34,5640,500,2,10,426,2,16338,2,2,4,0,20,0,360,36092,4,5,72184,1
272,4,565,6,3390,6716,6,402.96,7281,600,6,36,2723,6,0,2,2,4,0,20,0,480,64024,4,5,128048,1
272,4,133,4,532,35,2,0.7,168,500,2,10,0,2,35508,2,2,4,0,20,0,220,2002,4,5,4004,0
272,31,545,6,3270,7109,6,426.54,7654,550,4,22,5918,6,8010,2,2,4,0,20,0,440,84032,4,5,168064,1
272,4,173,4,692,564,4,22.56,737,500,2,10,1335,6,53784,2,2,4,0,20,0,320,12358,4,5,24716,1
272,16,602,6,3612,13569,6,814.14,14171,600,6,36,8964,6,48480,4,2,8,0,20,0,500,143210,8,5,572840,1
272,22,322,6,1932,5564,6,333.84,5886,500,2,10,8080,6,3580,2,4,8,0,20,0,420,85596,8,5,342384,1
272,16,241,6,1446,528,4,21.12,769,500,2,10,895,4,74754,4,2,8,0,20,0,340,8938,8,5,35752,1
272,16,284,6,1704,6491,6,389.46,6775,550,4,22,12459,6,0,4,2,8,0,20,0,460,118404,8,5,473616,1
272,16,175,4,700,57,2,1.14,232,500,2,10,0,2,2320,4,2,8,0,20,0,240,2614,8,5,10456,1
272,16,218,6,1308,3081,6,184.86,3299,500,2,10,580,4,12960,4,2,8,0,20,0,400,23914,8,5,95656,1
272,16,326,6,1956,281,2,5.62,607,600,6,36,2160,6,87582,4,2,8,0,20,0,380,19878,8,5,79512,1
272,40,443,6,2658,5132,6,307.92,5575,550,4,22,14597,6,45882,2,2,4,0,20,0,440,123632,4,5,247264,1
272,8,561,6,3366,9933,6,595.98,10494,650,6,39,7647,6,28560,2,2,4,0,20,0,480,113146,4,5,226292,1
272,19,390,6,2340,2792,6,167.52,3182,500,2,10,4760,6,17040,2,2,4,0,20,0,400,49052,4,5,98104,1
272,19,219,6,1314,68,2,1.36,287,500,2,10,2840,6,15582,2,2,4,0,20,0,280,19890,4,5,39780,1
272,19,156,4,624,1464,4,58.56,1620,500,2,10,2597,6,51486,2,2,4,0,20,0,320,23462,4,5,46924,1
272,14,453,6,2718,8793,6,527.58,9246,500,2,10,8581,6,27222,2,2,4,0,20,0,400,108362,4,5,216724,1
272,20,497,6,2982,4219,6,253.14,4716,550,4,22,4537,6,152,2,2,4,0,20,0,440,58118,4,5,116236,1
272,19,213,6,1278,59,2,1.18,272,500,2,10,76,2,286,2,2,4,0,20,0,240,2948,4,5,5896,0
272,19,366,6,2196,1547,6,92.82,1913,500,2,10,143,2,318,2,2,4,0,20,0,360,13164,4,5,26328,1
272,19,164,4,656,19,2,0.38,183,500,2,10,159,2,49794,2,2,4,0,20,0,220,2412,4,5,4824,0
272,29,490,6,2940,9871,6,592.26,10361,550,4,22,8299,6,52020,2,2,4,1,40,40,460,114960,8,5,459840,1
272,32,568,6,3408,6738,6,404.28,7306,500,2,10,8670,6,9084,2,2,4,1,40,40,420,97656,8,5,390624,1
272,9,399,6,2394,9205,6,552.3,9604,500,2,10,1514,6,18828,2,2,4,1,40,40,420,68508,8,5,274032,1
272,30,347,6,2082,4707,6,282.42,5054,500,2,10,3138,6,2868,2,2,4,0,20,0,400,50552,4,5,101104,1
272,15,268,6,1608,3832,6,229.92,4100,500,2,10,717,4,10944,2,2,4,0,20,0,380,28868,4,5,57736,1
272,15,213,6,1278,4264,6,255.84,4477,500,2,10,1824,6,35316,2,2,4,0,20,0,400,39206,4,5,78412,1
272,2,428,6,2568,126463,6,7587.78,126891,550,4,22,5886,6,2424,6,2,12,2,60,120,520,801262,24,5,9615144,1
272,1,436,6,2616,3391,6,203.46,3827,550,4,22,606,4,13680,6,4,24,0,20,0,480,29986,24,5,359832,1
272,2,223,6,1338,454,2,9.08,677,500,2,10,2280,6,2148,6,2,12,0,20,0,320,18126,12,5,108756,1
272,12,200,6,1200,32,2,0.64,232,500,2,10,537,4,46482,2,2,4,0,20,0,260,4812,4,5,9624,0
272,7,304,6,1824,6737,6,404.22,7041,650,6,39,7747,6,9120,2,2,4,0,20,0,480,93028,4,5,186056,1
272,22,119,4,476,12207,6,732.42,12326,500,2,10,1520,6,408084,2,2,4,0,20,0,380,84238,4,5,168476,1
272,1,135,4,540,0,2,0,135,600,6,36,68014,6,142,2,2,4,0,20,0,340,412624,4,5,825248,1
272,1,114,4,456,0,2,0,114,500,2,10,71,2,0,2,2,4,0,20,0,220,1998,4,5,3996,0
272,6,151,4,604,0,2,0,151,500,2,10,0,2,0,2,2,4,0,20,0,220,2004,4,5,4008,0
272,8,113,4,452,0,2,0,113,500,2,10,0,2,288,2,2,4,0,20,0,220,1852,4,5,3704,0
272,5,150,4,600,0,2,0,150,500,2,10,144,2,0,2,2,4,0,20,0,220,2288,4,5,4576,0
272,9,96,2,192,0,2,0,96,500,2,10,0,2,0,2,2,4,0,20,0,200,1592,4,5,3184,0
272,12,160,4,640,0,2,0,160,500,2,10,0,2,0,2,2,4,0,20,0,220,2040,4,5,4080,0
272,16,134,4,536,0,2,0,134,500,2,10,0,2,12,4,2,8,0,20,0,240,2336,8,5,9344,0
272,19,160,4,640,0,2,0,160,500,2,10,6,2,4,2,2,4,0,20,0,220,2052,4,5,4104,0
272,11,113,4,452,0,2,0,113,500,2,10,2,2,0,2,2,4,0,20,0,220,1856,4,5,3712,0
272,4,0,2,0,0,2,0,0,500,2,10,0,2,0,2,2,4,0,20,0,200,1400,4,5,2800,0
272,9,0,2,0,0,2,0,0,500,2,10,0,2,920,2,2,4,0,20,0,200,1400,4,5,2800,0
272,12,77,2,154,0,2,0,77,500,2,10,460,2,0,2,2,4,0,20,0,200,2474,4,5,4948,0
272,12,105,4,420,0,2,0,105,500,2,10,0,2,0,2,2,4,0,20,0,220,1820,4,5,3640,0
272,19,0,2,0,0,2,0,0,500,2,10,0,2,18510,2,2,4,0,20,0,200,1400,4,5,2800,0
272,22,0,2,0,0,2,0,0,500,2,10,3085,6,0,2,2,4,0,20,0,240,19910,4,5,39820,1
272,16,0,2,0,0,2,0,0,500,2,10,0,2,0,4,2,8,0,20,0,220,1800,8,5,7200,0
272,15,0,2,0,0,2,0,0,500,2,10,0,2,0,2,2,4,0,20,0,200,1400,4,5,2800,0
272,15,0,2,0,0,2,0,0,500,2,10,0,2,3284,2,2,4,0,20,0,200,1400,4,5,2800,0
272,32,84,2,168,0,2,0,84,500,2,10,821,4,0,2,2,4,0,20,0,220,4852,4,5,9704,0
272,13,0,2,0,0,2,0,0,500,2,10,0,2,0,2,2,4,0,20,0,200,1400,4,5,2800,0
272,19,85,2,170,0,2,0,85,500,2,10,0,2,0,2,2,4,0,20,0,200,1570,4,5,3140,0
272,5,0,2,0,28,2,0.56,28,500,2,10,0,2,0,2,2,4,0,20,0,200,1456,4,5,2912,0
272,6,61,2,122,7,2,0.14,68,500,2,10,0,2,0,2,2,4,0,20,0,200,1536,4,5,3072,0
272,8,0,2,0,62,2,1.24,62,500,2,10,0,2,29586,2,2,4,0,20,0,200,1524,4,5,3048,0
237,18,343,6,2058,100,4,4,443,550,4,22,4931,6,738,2,4,8,1,40,40,420,35444,12,5,212664,1
237,11,163,4,652,586,6,35.16,749,500,2,10,369,2,6750,2,2,4,0,20,0,340,6306,4,5,12612,1
237,1,375,6,2250,125,4,5,500,600,6,36,1125,6,616,6,2,12,0,20,0,460,14300,12,5,85800,1
237,8,229,6,1374,264,6,15.84,493,500,2,10,308,2,9618,2,2,4,0,20,0,360,4974,4,5,9948,0
237,6,251,6,1506,859,6,51.54,1110,550,4,22,1603,6,686,2,2,4,5,60,300,480,21878,34,5,371926,1
237,16,221,6,1326,521,6,31.26,742,500,2,10,343,2,178,2,2,4,0,20,0,360,6538,4,5,13076,1
237,12,222,6,1332,623,6,37.38,845,500,2,10,89,2,286,2,2,4,0,20,0,360,6648,4,5,13296,1
237,9,167,4,668,39,2,0.78,206,500,2,10,143,2,256,2,2,4,0,20,0,220,2432,4,5,4864,0
237,13,259,6,1554,66,2,1.32,325,500,2,10,128,2,2168,2,2,4,0,20,0,240,3342,4,5,6684,0
237,22,239,6,1434,772,6,46.32,1011,500,2,10,542,4,2784,2,2,4,1,40,40,400,10034,8,5,40136,1
237,32,342,6,2052,1055,6,63.3,1397,500,2,10,696,4,2164,2,2,4,0,20,0,380,12566,4,5,25132,1
237,27,361,6,2166,213,6,12.78,574,500,2,10,541,4,2908,2,4,8,2,60,120,440,8608,20,5,86080,1
237,4,186,4,744,451,6,27.06,637,500,2,10,727,4,3440,2,2,4,0,20,0,360,7758,4,5,15516,1
237,19,190,4,760,797,6,47.82,987,500,2,10,860,4,732,2,2,4,1,40,40,380,10782,8,5,43128,1
237,14,329,6,1974,641,6,38.46,970,500,2,10,366,2,3504,2,2,4,0,20,0,360,7952,4,5,15904,1
237,15,260,6,1560,114,4,4.56,374,500,2,10,876,4,650,2,2,4,1,40,40,340,7320,8,5,29280,1
237,8,381,6,2286,1152,6,69.12,1533,500,2,10,325,2,2164,4,2,8,0,20,0,380,11648,8,5,46592,1
237,9,210,6,1260,506,6,30.36,716,500,2,10,541,4,15768,2,2,4,0,20,0,380,7860,4,5,15720,1
237,5,222,6,1332,340,6,20.4,562,500,2,10,2628,6,44,2,2,4,1,40,40,420,20940,8,5,83760,1
237,31,96,2,192,12,2,0.24,108,500,2,10,22,2,364,2,2,4,0,20,0,200,1660,4,5,3320,0
237,38,81,2,162,460,6,27.6,541,500,2,10,182,2,164,2,2,4,0,20,0,320,4686,4,5,9372,0
237,8,125,4,500,2,2,0.04,127,500,2,10,82,2,16794,2,2,4,0,20,0,220,2068,4,5,4136,0
237,12,165,4,660,2,2,0.04,167,500,2,10,2799,6,494,2,2,4,0,20,0,260,18858,4,5,37716,1
237,18,165,4,660,2,2,0.04,167,500,2,10,247,2,3016,2,2,4,0,20,0,220,2558,4,5,5116,0
237,19,213,6,1278,11,2,0.22,224,500,2,10,754,4,16260,2,2,4,0,20,0,260,5716,4,5,11432,1
237,28,44,2,88,2,2,0.04,46,500,2,10,2710,6,0,6,2,12,0,20,0,280,18552,12,5,111312,1
237,28,131,4,524,12,2,0.24,143,550,4,22,0,2,116,6,2,12,0,20,0,300,3948,12,5,23688,1
237,12,39,2,78,14,2,0.28,53,500,2,10,58,2,0,2,2,4,0,20,0,200,1622,4,5,3244,0
237,19,100,4,400,110,4,4.4,210,500,2,10,0,2,0,2,2,4,0,20,0,280,2240,4,5,4480,0
237,12,42,2,84,27,2,0.54,69,500,2,10,0,2,0,2,2,4,0,20,0,200,1538,4,5,3076,0
237,6,107,4,428,59,2,1.18,166,500,2,10,0,2,0,2,2,4,0,20,0,220,1946,4,5,3892,0
237,28,129,4,516,25,2,0.5,154,500,2,10,0,2,8,2,2,4,0,20,0,220,1966,4,5,3932,0
237,5,2,2,4,87,2,1.74,89,500,2,10,4,2,134,2,2,4,0,20,0,200,1586,4,5,3172,0
237,6,146,4,584,55,2,1.1,201,500,2,10,67,2,144,2,2,4,0,20,0,220,2228,4,5,4456,0
237,19,84,2,168,6,2,0.12,90,500,2,10,72,2,168,2,2,4,0,20,0,200,1724,4,5,3448,0
237,8,66,2,132,137,4,5.48,203,500,2,10,84,2,144,4,2,8,0,20,0,280,2648,8,5,10592,1
237,8,53,2,106,540,6,32.4,593,500,2,10,72,2,0,2,2,4,0,20,0,320,4890,4,5,9780,0
237,6,39,2,78,47,2,0.94,86,500,2,10,0,2,0,2,2,4,0,20,0,200,1572,4,5,3144,0
237,19,51,2,102,47,2,0.94,98,500,2,10,0,2,14,2,2,4,0,20,0,200,1596,4,5,3192,0
237,12,47,2,94,29,2,0.58,76,500,2,10,7,2,24,2,2,4,0,20,0,200,1566,4,5,3132,0
237,35,335,6,2010,99,2,1.98,434,500,2,10,12,2,2692,2,2,4,0,20,0,240,3632,4,5,7264,0
237,28,32,2,64,49,2,0.98,81,500,2,10,673,4,0,6,2,12,0,20,0,260,5054,12,5,30324,1
237,28,51,2,102,0,2,0,51,500,2,10,0,2,10,6,2,12,0,20,0,240,2302,12,5,13812,1
237,4,0,2,0,0,2,0,0,500,2,10,5,2,0,2,2,4,0,20,0,200,1410,4,5,2820,0
237,9,31,2,62,69,2,1.38,100,500,2,10,0,2,114,2,2,4,0,20,0,200,1600,4,5,3200,0
237,32,61,2,122,154,4,6.16,215,500,2,10,57,2,0,2,2,4,0,20,0,260,2252,4,5,4504,0
237,5,26,2,52,17,2,0.34,43,500,2,10,0,2,2456,2,2,4,0,20,0,200,1486,4,5,2972,0
237,2,73,2,146,5,2,0.1,78,500,2,10,614,4,0,6,2,12,0,20,0,260,4812,12,5,28872,1
237,2,0,2,0,0,2,0,0,500,2,10,0,2,230,6,2,12,0,20,0,240,2200,12,5,13200,1
237,16,127,4,508,101,4,4.04,228,500,2,10,115,2,0,2,2,4,0,20,0,280,2542,4,5,5084,0
237,19,162,4,648,49,2,0.98,211,500,2,10,0,2,114,2,2,4,0,20,0,220,2146,4,5,4292,0
237,5,154,4,616,46,2,0.92,200,500,2,10,57,2,0,2,2,4,0,20,0,220,2222,4,5,4444,0
237,2,218,6,1308,93,2,1.86,311,500,2,10,0,2,21774,6,2,12,0,20,0,280,3694,12,5,22164,1
237,2,759,6,4554,147,4,5.88,906,550,4,22,3629,6,0,6,2,12,0,20,0,420,30316,12,5,181896,1
237,2,76,2,152,34,2,0.68,110,500,2,10,0,2,8,6,2,12,0,20,0,240,2420,12,5,14520,1
237,16,38,2,76,85,2,1.7,123,500,2,10,4,2,0,2,2,4,0,20,0,200,1654,4,5,3308,0
237,5,129,4,516,13,2,0.26,142,500,2,10,0,2,0,2,2,4,0,20,0,220,1942,4,5,3884,0
237,19,199,4,796,63,2,1.26,262,500,2,10,0,2,0,2,2,4,0,20,0,220,2322,4,5,4644,0
237,31,0,2,0,0,2,0,0,500,2,10,0,2,0,2,2,4,0,20,0,200,1400,4,5,2800,0
237,4,2,2,4,5,2,0.1,7,500,2,10,0,2,0,2,2,4,0,20,0,200,1414,4,5,2828,0
237,5,14,2,28,8,2,0.16,22,500,2,10,0,2,0,2,2,4,0,20,0,200,1444,4,5,2888,0
237,18,9,2,18,0,2,0,9,500,2,10,0,2,0,2,2,4,0,20,0,200,1418,4,5,2836,0
237,9,0,2,0,0,2,0,0,500,2,10,0,2,0,2,2,4,0,20,0,200,1400,4,5,2800,0
237,32,0,2,0,0,2,0,0,500,2,10,0,2,0,2,2,4,0,20,0,200,1400,4,5,2800,0
237,16,1,2,2,0.7,2,0.014,1.7,500,2,10,0,2,0,2,2,4,0,20,0,200,1403.4,4,5,2806.8,0
237,16,17,2,34,4,2,0.08,21,500,2,10,0,2,62,2,2,4,0,20,0,200,1442,4,5,2884,0
237,2,166,4,664,83,2,1.66,249,500,2,10,31,2,0,6,2,12,0,20,0,260,3092,12,5,18552,1
237,2,50,2,100,4,2,0.08,54,500,2,10,0,2,244,6,2,12,0,20,0,240,2308,12,5,13848,1
237,2,90,2,180,29,2,0.58,119,500,2,10,122,2,46,6,2,12,0,20,0,240,2682,12,5,16092,1
237,2,0,2,0,0,2,0,0,500,2,10,23,2,506622,6,2,12,0,20,0,240,2246,12,5,13476,1
199,2,5703,6,34218,13433,6,805.98,19136,500,2,10,84437,6,0,2,2,4,0,20,0,400,622838,4,5,1245676,1
199,8,58,2,116,0,2,0,58,500,2,10,0,2,2784,2,2,4,0,20,0,200,1516,4,5,3032,0
199,12,152,4,608,0,2,0,152,500,2,10,696,4,390,2,2,4,0,20,0,240,4792,4,5,9584,0
199,6,90,2,180,0,2,0,90,500,2,10,195,2,0,2,2,4,0,20,0,200,1970,4,5,3940,0
199,6,119,4,476,0,2,0,119,500,2,10,0,2,466,2,2,4,0,20,0,220,1876,4,5,3752,0
199,25,53,2,106,0,2,0,53,500,2,10,233,2,22,2,2,4,0,20,0,200,1972,4,5,3944,0
199,40,93,2,186,0,2,0,93,500,2,10,11,2,0,2,2,4,0,20,0,200,1608,4,5,3216,0
199,8,189,4,756,0,2,0,189,500,2,10,0,2,18,2,2,4,0,20,0,220,2156,4,5,4312,0
199,8,171,4,684,0,2,0,171,500,2,10,9,2,0,2,2,4,0,20,0,220,2102,4,5,4204,0
199,32,30,2,60,0,2,0,30,500,2,10,0,2,2992,2,2,4,0,20,0,200,1460,4,5,2920,0
199,31,76,2,152,0,2,0,76,500,2,10,748,4,3780,2,2,4,0,20,0,220,4544,4,5,9088,0
199,4,96,2,192,0,2,0,96,500,2,10,945,4,0,2,2,4,0,20,0,220,5372,4,5,10744,1
199,14,126,4,504,0,2,0,126,500,2,10,0,2,134,2,2,4,0,20,0,220,1904,4,5,3808,0
199,0,55,2,110,0,2,0,55,500,2,10,67,2,12,2,2,4,0,20,0,200,1644,4,5,3288,0
199,5,29,2,58,0,2,0,29,500,2,10,6,2,554,2,2,4,0,20,0,200,1470,4,5,2940,0
199,5,127,4,508,0,2,0,127,500,2,10,277,2,0,2,2,4,0,20,0,220,2462,4,5,4924,0
199,5,134,4,536,0,2,0,134,500,2,10,0,2,350,2,2,4,0,20,0,220,1936,4,5,3872,0
199,5,56,2,112,0,2,0,56,500,2,10,175,2,0,2,2,4,0,20,0,200,1862,4,5,3724,0
199,20,86,2,172,0,2,0,86,500,2,10,0,2,0,6,2,12,0,20,0,240,2372,12,5,14232,1
199,19,162,4,648,0,2,0,162,500,2,10,0,2,0,6,2,12,0,20,0,260,2848,12,5,17088,1
199,19,302,6,1812,0,2,0,302,500,2,10,0,2,0,6,2,12,0,20,0,280,4012,12,5,24072,1
199,19,59,2,118,0,2,0,59,500,2,10,0,2,0,6,2,12,0,20,0,240,2318,12,5,13908,1
199,22,110,4,440,0,2,0,110,500,2,10,0,2,16368,2,2,4,0,20,0,220,1840,4,5,3680,0
199,9,103,4,412,0,2,0,103,500,2,10,2728,6,146,2,2,4,0,20,0,260,18180,4,5,36360,1
199,30,66,2,132,0,2,0,66,500,2,10,73,2,94,2,2,4,0,20,0,200,1678,4,5,3356,0
199,33,48,2,96,0,2,0,48,500,2,10,47,2,105540,2,2,4,0,20,0,200,1590,4,5,3180,0
199,11,127,4,508,0,2,0,127,500,2,10,17590,6,8124,2,2,4,0,20,0,260,107448,4,5,214896,1
199,12,43,2,86,0,2,0,43,500,2,10,1354,6,2,2,2,4,0,20,0,240,9610,4,5,19220,1
199,12,165,4,660,0,2,0,165,500,2,10,1,2,0,2,2,4,0,20,0,220,2062,4,5,4124,0
199,8,140,4,560,0,2,0,140,500,2,10,0,2,25092,2,2,4,0,20,0,220,1960,4,5,3920,0
199,8,114,4,456,0,2,0,114,500,2,10,4182,6,0,2,2,4,0,20,0,260,26948,4,5,53896,1
199,8,45,2,90,0,2,0,45,500,2,10,0,2,0,2,2,4,0,20,0,200,1490,4,5,2980,0
199,27,60,2,120,0,2,0,60,500,2,10,0,2,0,2,2,4,0,20,0,200,1520,4,5,3040,0
199,29,85,2,170,0,2,0,85,500,2,10,0,2,17856,2,2,4,0,20,0,200,1570,4,5,3140,0
199,9,119,4,476,0,2,0,119,500,2,10,2976,6,22,2,2,4,0,20,0,260,19732,4,5,39464,1
199,32,123,4,492,0,2,0,123,500,2,10,11,2,10,2,2,4,0,20,0,220,1914,4,5,3828,0
199,32,112,4,448,0,2,0,112,500,2,10,5,2,6,2,2,4,0,20,0,220,1858,4,5,3716,0
199,16,153,4,612,0,2,0,153,500,2,10,3,2,0,4,2,8,0,20,0,240,2418,8,5,9672,0
199,16,77,2,154,0,2,0,77,500,2,10,0,2,0,4,2,8,0,20,0,220,1954,8,5,7816,0
199,16,56,2,112,0,2,0,56,500,2,10,0,2,51078,4,2,8,0,20,0,220,1912,8,5,7648,0
199,16,182,4,728,0,2,0,182,500,2,10,8513,6,8,4,2,8,0,20,0,280,53606,8,5,214424,1
199,16,44,2,88,0,2,0,44,500,2,10,4,2,0,4,2,8,0,20,0,220,1896,8,5,7584,0
199,15,146,4,584,0,2,0,146,500,2,10,0,2,6588,2,2,4,0,20,0,220,1984,4,5,3968,0
199,15,112,4,448,0,2,0,112,500,2,10,1098,6,20,2,2,4,0,20,0,260,8436,4,5,16872,1
199,13,156,4,624,0,2,0,156,500,2,10,10,2,0,2,2,4,0,20,0,220,2044,4,5,4088,0
199,13,0,2,0,0,2,0,0,500,2,10,0,2,0,2,2,4,0,20,0,200,1400,4,5,2800,0
199,18,0,2,0,0,2,0,0,500,2,10,0,2,103812,2,2,4,0,20,0,200,1400,4,5,2800,0
185,2,1124,6,6744,949,6,56.94,2073,550,4,22,17302,6,24,2,2,4,0,20,0,440,118850,4,5,237700,1
185,6,370,6,2220,0,2,0,370,500,2,10,12,2,104,2,2,4,0,20,0,240,3644,4,5,7288,0
185,6,853,6,5118,16,2,0.32,869,500,2,10,52,2,248,2,4,8,0,20,0,260,7054,8,5,28216,1
185,6,47,2,94,159,4,6.36,206,500,2,10,124,2,14,2,2,4,0,20,0,260,2378,4,5,4756,0
185,8,95,2,190,133,4,5.32,228,500,2,10,7,2,238,4,2,8,0,20,0,280,2536,8,5,10144,1
185,8,1315,6,7890,163,4,6.52,1478,500,2,10,119,2,0,4,2,8,0,20,0,320,10580,8,5,42320,1
185,8,317,6,1902,44,2,0.88,361,500,2,10,0,2,0,4,2,8,0,20,0,260,3790,8,5,15160,1
185,8,702,6,4212,177,4,7.08,879,500,2,10,0,2,0,4,2,8,0,20,0,320,6720,8,5,26880,1
185,16,0,2,0,0,2,0,0,500,2,10,0,2,26,2,2,4,0,20,0,200,1400,4,5,2800,0
185,8,95,2,190,0,2,0,95,500,2,10,13,2,6318,4,4,16,0,20,0,240,2816,16,5,22528,1
185,8,0,2,0,0,2,0,0,500,2,10,1053,6,104,4,2,8,0,20,0,260,8118,8,5,32472,1
185,16,919,6,5514,420,6,25.2,1339,500,2,10,52,2,0,2,2,4,0,20,0,360,9538,4,5,19076,1
185,19,914,6,5484,122,4,4.88,1036,500,2,10,0,2,0,6,2,12,0,20,0,340,8172,12,5,49032,1
185,6,26,2,52,0,2,0,26,500,2,10,0,2,0,2,2,4,0,20,0,200,1452,4,5,2904,0
185,31,305,6,1830,5,2,0.1,310,500,2,10,0,2,102,2,2,4,0,20,0,240,3240,4,5,6480,0
185,4,56,2,112,7200,6,432,7256,500,2,10,51,2,0,2,2,4,0,20,0,320,44814,4,5,89628,1
185,4,296,6,1776,15,2,0.3,311,500,2,10,0,2,0,2,2,4,0,20,0,240,3206,4,5,6412,0
185,31,248,6,1488,0,2,0,248,500,2,10,0,2,30,2,2,4,0,20,0,240,2888,4,5,5776,0
185,14,994,6,5964,44,2,0.88,1038,500,2,10,15,2,2,2,2,4,0,20,0,240,7482,4,5,14964,1
185,14,513,6,3078,9,2,0.18,522,500,2,10,1,2,98,2,2,4,0,20,0,240,4498,4,5,8996,0
185,43,249,6,1494,29,2,0.58,278,500,2,10,49,2,0,2,2,4,0,20,0,240,3050,4,5,6100,0
185,5,722,6,4332,28,2,0.56,750,500,2,10,0,2,0,2,2,4,0,20,0,240,5788,4,5,11576,1
185,5,71,2,142,66,2,1.32,137,500,2,10,0,2,0,2,2,4,0,20,0,200,1674,4,5,3348,0
185,19,1921,6,11526,247,6,14.82,2168,500,2,10,0,2,0,6,2,12,0,20,0,400,15208,12,5,91248,1
185,19,18,2,36,0,2,0,18,500,2,10,0,2,148,6,4,24,0,20,0,260,3436,24,5,41232,1
185,19,590,6,3540,0,2,0,590,500,2,10,74,2,158,6,4,24,0,20,0,300,7088,24,5,85056,1
185,19,404,6,2424,0,2,0,404,500,2,10,79,2,11670,6,2,12,0,20,0,280,4782,12,5,28692,1
185,19,281,6,1686,11,2,0.22,292,500,2,10,1945,6,88,6,2,12,0,20,0,320,15578,12,5,93468,1
185,19,587,6,3522,0,2,0,587,500,2,10,44,2,70,6,2,12,0,20,0,280,5810,12,5,34860,1
185,19,175,4,700,0,2,0,175,500,2,10,35,2,706,6,2,12,0,20,0,260,2970,12,5,17820,1
185,19,205,6,1230,0,2,0,205,500,2,10,353,2,8,6,2,12,0,20,0,280,4136,12,5,24816,1
185,19,0,2,0,0,2,0,0,500,2,10,4,2,0,6,4,24,0,20,0,260,3408,24,5,40896,1
185,16,367,6,2202,18,2,0.36,385,500,2,10,0,2,0,2,2,4,0,20,0,240,3638,4,5,7276,0
185,9,64,2,128,95,2,1.9,159,500,2,10,0,2,16,2,2,4,1,40,40,220,2118,8,5,8472,0
185,9,737,6,4422,164,4,6.56,901,500,2,10,8,2,8,2,2,4,0,20,0,300,6494,4,5,12988,1
185,9,1079,6,6474,67,2,1.34,1146,500,2,10,4,2,86,2,2,4,0,20,0,240,8016,4,5,16032,1
185,11,1002,6,6012,95,2,1.9,1097,500,2,10,43,2,128,2,2,4,0,20,0,240,7688,4,5,15376,1
185,11,44,2,88,62,2,1.24,106,500,2,10,64,2,8,2,2,4,0,20,0,200,1740,4,5,3480,0
185,12,289,6,1734,11,2,0.22,300,500,2,10,4,2,86,2,2,4,0,20,0,240,3164,4,5,6328,0
185,12,60,2,120,114,4,4.56,174,500,2,10,43,2,114,2,2,4,0,20,0,260,2062,4,5,4124,0
185,8,79,2,158,101,4,4.04,180,500,2,10,57,2,4,2,2,4,0,20,0,260,2076,4,5,4152,0
185,8,326,6,1956,36,2,0.72,362,500,2,10,2,2,4,2,2,4,0,20,0,240,3432,4,5,6864,0
185,8,894,6,5364,132,4,5.28,1026,500,2,10,2,2,8,2,2,4,0,20,0,300,7296,4,5,14592,1
185,27,460,6,2760,117,4,4.68,577,500,2,10,4,2,20,2,2,4,0,20,0,300,4636,4,5,9272,0
185,29,701,6,4206,112,4,4.48,813,500,2,10,10,2,74,2,2,4,0,20,0,300,6074,4,5,12148,1
185,29,104,4,416,91,2,1.82,195,500,2,10,37,2,0,2,2,4,0,20,0,220,2072,4,5,4144,0
185,9,281,6,1686,41,2,0.82,322,500,2,10,0,2,102,2,2,4,0,20,0,240,3168,4,5,6336,0
185,9,70,2,140,60,2,1.2,130,500,2,10,51,2,194,2,2,4,0,20,0,200,1762,4,5,3524,0
185,32,78,2,156,97,2,1.94,175,500,2,10,97,2,0,2,2,4,0,20,0,200,1944,4,5,3888,0
185,32,709,6,4254,195,4,7.8,904,500,2,10,0,2,0,2,2,4,0,20,0,300,6434,4,5,12868,1
185,32,139,4,556,110,4,4.4,249,500,2,10,0,2,0,2,2,4,0,20,0,280,2396,4,5,4792,0
185,8,246,6,1476,37,2,0.74,283,500,2,10,0,2,0,2,2,4,0,20,0,240,2950,4,5,5900,0
185,4,248,6,1488,10,2,0.2,258,500,2,10,0,2,0,2,2,4,0,20,0,240,2908,4,5,5816,0
185,15,128,4,512,175,4,7,303,500,2,10,0,2,0,2,2,4,0,20,0,280,2612,4,5,5224,0
185,15,383,6,2298,28,2,0.56,411,500,2,10,0,2,0,2,2,4,0,20,0,240,3754,4,5,7508,0
185,15,374,6,2244,55,2,1.1,429,500,2,10,0,2,8,2,2,4,0,20,0,240,3754,4,5,7508,0
185,15,1144,6,6864,141,4,5.64,1285,500,2,10,4,2,0,2,2,4,0,20,0,300,8836,4,5,17672,1
185,13,499,6,2994,64,2,1.28,563,500,2,10,0,2,4,2,2,4,0,20,0,240,4522,4,5,9044,0
185,13,825,6,4950,159,4,6.36,984,500,2,10,2,2,148,2,2,4,0,20,0,300,6990,4,5,13980,1
185,13,25,2,50,180,4,7.2,205,500,2,10,74,2,2,2,2,4,0,20,0,260,2318,4,5,4636,0
185,18,720,6,4320,43,2,0.86,763,500,2,10,1,2,40,2,2,4,0,20,0,240,5808,4,5,11616,1
185,18,73,2,146,124,4,4.96,197,500,2,10,20,2,0,2,2,4,0,20,0,260,2082,4,5,4164,0
185,43,520,6,3120,0,2,0,520,500,2,10,0,2,22,2,2,4,0,20,0,240,4520,4,5,9040,0
185,19,116,4,464,0,2,0,116,500,2,10,11,2,38,6,2,12,0,20,0,260,2686,12,5,16116,1
185,19,0,2,0,0,2,0,0,500,2,10,19,2,28,6,2,12,0,20,0,240,2238,12,5,13428,1
185,6,65,2,130,3,2,0.06,68,500,2,10,14,2,708,2,2,4,0,20,0,200,1564,4,5,3128,0
185,6,79,2,158,0,2,0,79,500,2,10,354,2,8,2,2,4,0,20,0,200,2266,4,5,4532,0
185,19,328,6,1968,25,2,0.5,353,500,2,10,4,2,26,6,2,12,0,20,0,280,4226,12,5,25356,1
185,19,90,2,180,0,2,0,90,500,2,10,13,2,0,6,2,12,0,20,0,240,2406,12,5,14436,1
185,9,500,6,3000,54,2,1.08,554,500,2,10,0,2,0,2,2,4,0,20,0,240,4508,4,5,9016,0
185,9,707,6,4242,72,2,1.44,779,500,2,10,0,2,784,2,2,4,0,20,0,240,5786,4,5,11572,1
185,14,108,4,432,198,4,7.92,306,500,2,10,392,2,12,2,2,4,0,20,0,280,3408,4,5,6816,0
185,13,346,6,2076,9,2,0.18,355,500,2,10,6,2,66,2,2,4,0,20,0,240,3506,4,5,7012,0
185,22,60,2,120,108,4,4.32,168,500,2,10,33,2,0,2,2,4,0,20,0,260,2018,4,5,4036,0
185,22,392,6,2352,108,4,4.32,500,500,2,10,0,2,0,2,2,4,0,20,0,300,4184,4,5,8368,0
185,22,784,6,4704,281,6,16.86,1065,500,2,10,0,2,0,2,4,8,0,20,0,380,8190,8,5,32760,1
185,8,99,2,198,0,2,0,99,500,2,10,0,2,0,4,2,8,0,20,0,220,1998,8,5,7992,0
185,2,17,2,34,11,2,0.22,28,500,2,10,0,2,0,2,2,4,0,20,0,200,1456,4,5,2912,0
185,19,4523,6,27138,3618,6,217.08,8141,500,2,10,0,2,0,6,2,12,0,20,0,400,51046,12,5,306276,1
185,11,169,4,676,21,2,0.42,190,500,2,10,0,2,0,2,2,4,0,20,0,220,2118,4,5,4236,0
185,43,18,2,36,63,2,1.26,81,500,2,10,0,2,0,2,2,4,0,20,0,200,1562,4,5,3124,0
185,31,1,2,2,91,2,1.82,92,500,2,10,0,2,38,2,2,4,0,20,0,200,1584,4,5,3168,0
185,16,88,2,176,150,4,6,238,500,2,10,19,2,0,2,2,4,0,20,0,260,2214,4,5,4428,0
185,2,117,4,468,15,2,0.3,132,500,2,10,0,2,0,2,2,4,0,20,0,220,1898,4,5,3796,0
185,8,0,2,0,0,2,0,0,500,2,10,0,2,0,4,2,8,0,20,0,220,1800,8,5,7200,0
185,16,0,2,0,0,2,0,0,500,2,10,0,2,40,2,2,4,0,20,0,200,1400,4,5,2800,0
185,8,0,2,0,0,2,0,0,500,2,10,20,2,0,4,2,8,0,20,0,220,1840,8,5,7360,0
185,6,0,2,0,0,2,0,0,500,2,10,0,2,0,2,2,4,0,20,0,200,1400,4,5,2800,0
185,19,0,2,0,0,2,0,0,500,2,10,0,2,0,6,2,12,0,20,0,240,2200,12,5,13200,1
185,19,99,2,198,11,2,0.22,110,500,2,10,0,2,0,6,2,12,0,20,0,240,2420,12,5,14520,1
185,8,21,2,42,0,2,0,21,500,2,10,0,2,0,2,2,4,0,20,0,200,1442,4,5,2884,0
185,14,220,6,1320,28,2,0.56,248,500,2,10,0,2,0,2,2,4,0,20,0,240,2776,4,5,5552,0
185,2,331,6,1986,17,2,0.34,348,500,2,10,0,2,0,2,2,4,0,20,0,240,3420,4,5,6840,0
185,4,243,6,1458,27,2,0.54,270,500,2,10,0,2,38,2,2,4,0,20,0,240,2912,4,5,5824,0
185,12,1391,6,8346,50,2,1,1441,500,2,10,19,2,53040,2,2,4,0,20,0,240,9884,4,5,19768,1
236,1,171,4,684,0,2,0,171,650,6,39,8840,6,12534,6,4,24,4,60,240,440,62424,48,5,1498176,1
237,1,113,4,452,385,6,23.1,498,650,6,39,2089,6,56850,6,2,12,0,20,0,500,20396,12,5,122376,1
237,2,1753,6,10518,0,2,0,1753,650,6,39,9475,6,0,6,2,12,4,60,240,440,74868,36,5,1347624,1
237,4,56,2,112,70,2,1.4,126,500,2,10,0,2,10,6,2,12,0,20,0,240,2452,12,5,14712,1
237,8,56,2,112,8,2,0.16,64,500,2,10,5,2,50376,6,2,12,0,20,0,240,2338,12,5,14028,1
234,2,395,6,2370,0,2,0,0,550,4,22,8396,6,0,6,2,12,1,40,40,380,56546,16,5,452368,1
234,4,0,2,0,0,2,0,0,500,2,10,0,2,0,2,2,4,0,20,0,200,1400,4,5,2800,0
234,5,0,2,0,0,2,0,0,500,2,10,0,2,0,2,2,4,0,20,0,200,1400,4,5,2800,0
234,2,0,2,0,0,2,0,0,500,2,10,0,2,0,2,2,4,0,20,0,200,1400,4,5,2800,0
234,19,0,2,0,0,2,0,0,500,2,10,0,2,238386,2,2,4,0,20,0,200,1400,4,5,2800,0
1556,2,2065,6,12390,0,2,0,0,600,6,36,39731,6,96246,6,2,12,1,40,40,420,255976,16,5,2047808,1
1556,1,373,6,2238,282,6,16.92,655,600,6,36,16041,6,14382,6,2,12,0,20,0,520,104976,12,5,629856,1
1556,19,0,2,0,0,2,0,0,500,2,10,2397,6,42336,6,2,12,0,20,0,280,16582,12,5,99492,1
1768,1,252,6,1512,2028,6,121.68,2280,500,2,10,7056,6,6798,6,2,12,0,20,0,440,58216,12,5,349296,1
2161,2,314,6,1884,568,6,34.08,882,550,4,22,1133,6,152,4,2,8,0,20,0,460,15090,8,5,60360,1
2161,6,88,2,176,107,4,4.28,195,500,2,10,76,2,264,2,2,4,0,20,0,260,2156,4,5,4312,0
2161,8,80,2,160,82,2,1.64,162,500,2,10,132,2,0,2,2,4,0,20,0,200,1988,4,5,3976,0
2161,4,70,2,140,72,2,1.44,142,500,2,10,0,2,48,2,2,4,0,20,0,200,1684,4,5,3368,0
2161,5,0,2,0,39,2,0.78,39,500,2,10,24,2,0,2,2,4,0,20,0,200,1526,4,5,3052,0
2161,5,33,2,66,0,2,0,33,500,2,10,0,2,0,2,2,4,0,20,0,200,1466,4,5,2932,0
2161,5,28,2,56,16,2,0.32,44,500,2,10,0,2,130,2,2,4,0,20,0,200,1488,4,5,2976,0
2161,14,19,2,38,27,2,0.54,46,500,2,10,65,2,2,2,2,4,0,20,0,200,1622,4,5,3244,0
2161,19,53,2,106,62,2,1.24,115,500,2,10,1,2,116,2,2,4,0,20,0,200,1632,4,5,3264,0
2161,19,46,2,92,88,2,1.76,134,500,2,10,58,2,0,2,2,4,0,20,0,200,1784,4,5,3568,0
2161,19,31,2,62,28,2,0.56,59,500,2,10,0,2,0,2,2,4,0,20,0,200,1518,4,5,3036,0
2161,9,8500,6,51000,106,4,4.24,8606,500,2,10,0,2,280,6,2,12,0,20,0,340,53624,12,5,321744,1
2161,11,75,2,150,90,2,1.8,165,500,2,10,140,2,0,2,2,4,0,20,0,200,2010,4,5,4020,0
2161,12,85,2,170,93,2,1.86,178,500,2,10,0,2,6,2,2,4,0,20,0,200,1756,4,5,3512,0
2161,8,34,2,68,36,2,0.72,70,500,2,10,3,2,6,2,2,4,0,20,0,200,1546,4,5,3092,0
2161,8,66,2,132,81,2,1.62,147,500,2,10,3,2,0,2,2,4,0,20,0,200,1700,4,5,3400,0
2161,9,59,2,118,69,2,1.38,128,500,2,10,0,2,0,2,2,4,0,20,0,200,1656,4,5,3312,0
2161,32,61,2,122,63,2,1.26,124,500,2,10,0,2,4,2,2,4,0,20,0,200,1648,4,5,3296,0
2161,16,72,2,144,80,2,1.6,152,500,2,10,2,2,0,2,2,4,0,20,0,200,1708,4,5,3416,0
2161,16,37,2,74,10,2,0.2,47,500,2,10,0,2,16,2,2,4,0,20,0,200,1494,4,5,2988,0
2161,16,62,2,124,71,2,1.42,133,500,2,10,8,2,0,2,2,4,0,20,0,200,1682,4,5,3364,0
2161,15,98,2,196,114,4,4.56,212,500,2,10,0,2,0,2,2,4,0,20,0,260,2052,4,5,4104,0
2161,13,32,2,64,0,2,0,32,500,2,10,0,2,18,2,2,4,0,20,0,200,1464,4,5,2928,0
2161,13,56,2,112,63,2,1.26,119,500,2,10,9,2,160,2,2,4,0,20,0,200,1656,4,5,3312,0
2161,18,54,2,108,56,2,1.12,110,500,2,10,80,2,64,2,2,4,0,20,0,200,1780,4,5,3560,0
2161,29,63,2,126,69,2,1.38,132,500,2,10,32,2,0,2,2,4,0,20,0,200,1728,4,5,3456,0
2161,22,37,2,74,46,2,0.92,83,500,2,10,0,2,0,2,2,4,0,20,0,200,1566,4,5,3132,0
2161,14,0,2,0,0,2,0,0,500,2,10,0,2,0,2,2,4,0,20,0,200,1400,4,5,2800,0
2161,8,29,2,58,33,2,0.66,62,500,2,10,0,2,0,2,2,4,0,20,0,200,1524,4,5,3048,0
2161,4,67,2,134,76,2,1.52,143,500,2,10,0,2,0,2,2,4,0,20,0,200,1686,4,5,3372,0
2161,19,43,2,86,0,2,0,43,500,2,10,0,2,78,2,2,4,0,20,0,200,1486,4,5,2972,0
2161,2,67,2,134,75,2,1.5,142,500,2,10,39,2,0,2,2,4,0,20,0,200,1762,4,5,3524,0
2161,5,84,2,168,109,4,4.36,193,500,2,10,0,2,0,2,2,4,0,20,0,260,2004,4,5,4008,0
2161,43,52,2,104,68,2,1.36,120,500,2,10,0,2,66,2,2,4,0,20,0,200,1640,4,5,3280,0
2161,8,38,2,76,48,2,0.96,86,500,2,10,33,2,0,2,2,4,0,20,0,200,1638,4,5,3276,0
2161,12,19,2,38,23,2,0.46,42,500,2,10,0,2,0,2,2,4,0,20,0,200,1484,4,5,2968,0
2161,16,27,2,54,35,2,0.7,62,500,2,10,0,2,0,2,2,4,0,20,0,200,1524,4,5,3048,0
2161,32,34,2,68,27,2,0.54,61,500,2,10,0,2,0,2,2,4,0,20,0,200,1522,4,5,3044,0
2161,22,2,2,4,66,2,1.32,68,500,2,10,0,2,6,2,2,4,0,20,0,200,1536,4,5,3072,0
2161,31,0,2,0,0,2,0,0,500,2,10,3,2,0,2,2,4,0,20,0,200,1406,4,5,2812,0
2161,4,0,2,0,0,2,0,0,500,2,10,0,2,7980,2,2,4,0,20,0,200,1400,4,5,2800,0
5985,1,194,4,776,669,6,40.14,863,550,4,22,1330,6,58,6,2,12,1,40,40,480,16570,16,5,132560,1
5985,8,0,2,0,0,2,0,0,500,2,10,29,2,660,2,2,4,0,20,0,200,1458,4,5,2916,0
5985,39,0,2,0,0,2,0,0,500,2,10,330,2,9654,2,2,4,0,20,0,200,2060,4,5,4120,0
5985,4,27,2,54,0,2,0,27,500,2,10,1609,6,288,2,2,4,0,20,0,240,11108,4,5,22216,1
5985,5,0,2,0,0,2,0,0,500,2,10,144,2,332,2,2,4,0,20,0,200,1688,4,5,3376,0
5985,19,3,2,6,0,2,0,3,500,2,10,166,2,38,2,2,4,0,20,0,200,1738,4,5,3476,0
5985,9,0,2,0,0,2,0,0,500,2,10,19,2,140,2,2,4,0,20,0,200,1438,4,5,2876,0
5985,11,0,2,0,0,2,0,0,500,2,10,70,2,126,2,2,4,0,20,0,200,1540,4,5,3080,0
5985,12,5,2,10,0,2,0,5,500,2,10,63,2,186,2,2,4,0,20,0,200,1536,4,5,3072,0
5985,8,0,2,0,0,2,0,0,500,2,10,93,2,244,2,2,4,0,20,0,200,1586,4,5,3172,0
5985,29,3,2,6,0,2,0,3,500,2,10,122,2,240,2,2,4,0,20,0,200,1650,4,5,3300,0
5985,2,0,2,0,0,2,0,0,500,2,10,120,2,206,2,4,8,0,20,0,220,2040,8,5,8160,0
5985,9,1,2,2,11,2,0.22,12,500,2,10,103,2,572,2,2,4,0,20,0,200,1630,4,5,3260,0
5985,32,0,2,0,0,2,0,0,500,2,10,286,2,310,2,2,4,0,20,0,200,1972,4,5,3944,0
5985,16,3,2,6,0,2,0,3,500,2,10,155,2,478,2,2,4,0,20,0,200,1716,4,5,3432,0
5985,15,0,2,0,0,2,0,0,500,2,10,239,2,6240,2,2,4,0,20,0,200,1878,4,5,3756,0
5985,13,7,2,14,0,2,0,7,500,2,10,1040,6,260,2,2,4,0,20,0,240,7654,4,5,15308,1
5985,18,0,2,0,0,2,0,0,500,2,10,130,2,0,4,2,8,0,20,0,220,2060,8,5,8240,0
5985,4,31,2,62,0,2,0,31,500,2,10,0,2,10,2,2,4,0,20,0,200,1462,4,5,2924,0
5985,4,15,2,30,0,2,0,15,500,2,10,5,2,0,2,2,4,0,20,0,200,1440,4,5,2880,0
5985,4,0,2,0,0,2,0,0,500,2,10,0,2,120,2,2,4,0,20,0,200,1400,4,5,2800,0
5985,4,1,2,2,0,2,0,1,500,2,10,60,2,0,2,2,4,0,20,0,200,1522,4,5,3044,0
5985,5,15,2,30,0,2,0,15,500,2,10,0,2,0,2,2,4,0,20,0,200,1430,4,5,2860,0
5985,19,20,2,40,28,2,0.56,48,500,2,10,0,2,0,2,2,4,0,20,0,200,1496,4,5,2992,0
5985,9,6,2,12,0,2,0,6,500,2,10,0,2,0,2,2,4,0,20,0,200,1412,4,5,2824,0
5985,9,30,2,60,0,2,0,30,500,2,10,0,2,0,2,2,4,0,20,0,200,1460,4,5,2920,0
5985,9,0,2,0,0,2,0,0,500,2,10,0,2,0,2,2,4,0,20,0,200,1400,4,5,2800,0
5985,32,0,2,0,0,2,0,0,500,2,10,0,2,8,2,2,4,0,20,0,200,1400,4,5,2800,0
5985,7,29,2,58,0,2,0,29,500,2,10,4,2,0,2,2,4,0,20,0,200,1466,4,5,2932,0
5985,13,48,2,96,0,2,0,48,500,2,10,0,2,34,2,2,4,0,20,0,200,1496,4,5,2992,0
5985,21,39,2,78,39,2,0.78,78,500,2,10,17,2,66,4,2,8,0,20,0,220,1990,8,5,7960,0
5985,21,21,2,42,0,2,0,21,500,2,10,33,2,0,4,2,8,0,20,0,220,1908,8,5,7632,0
5985,1,0,2,0,0,2,0,0,500,2,10,0,2,0,2,2,4,0,20,0,200,1400,4,5,2800,0
5985,21,42,2,84,0,2,0,42,500,2,10,0,2,44,4,2,8,0,20,0,220,1884,8,5,7536,0
5985,28,4,2,8,0,2,0,4,500,2,10,22,2,0,2,2,4,0,20,0,200,1452,4,5,2904,0
5985,14,0,2,0,22,2,0.44,22,500,2,10,0,2,0,2,2,4,0,20,0,200,1444,4,5,2888,0
5985,43,0,2,0,0,2,0,0,500,2,10,0,2,10,2,2,4,0,20,0,200,1400,4,5,2800,0
5557,32,29,2,58,39,2,0.78,68,550,4,22,5,2,80,2,2,4,0,20,0,240,2746,4,5,5492,0
5557,9,0,2,0,196,4,7.84,196,500,2,10,40,2,48,2,2,4,0,20,0,260,2264,4,5,4528,0
5557,6,224,6,1344,726,6,43.56,950,500,2,10,24,2,0,2,2,4,0,20,0,360,7148,4,5,14296,1
5557,6,62,2,124,42,2,0.84,104,500,2,10,0,2,736,2,2,4,0,20,0,200,1608,4,5,3216,0
5557,8,170,4,680,591,6,35.46,761,500,2,10,368,2,0,4,2,8,0,20,0,360,6762,8,5,27048,1
5557,8,95,2,190,72,2,1.44,167,500,2,10,0,2,51030,4,2,8,0,20,0,220,2134,8,5,8536,0
5557,2,0,2,0,0,2,0,0,550,4,22,8505,6,3388,6,2,12,0,20,0,320,54430,12,5,326580,1
5557,2,259,6,1554,11190,6,671.4,11449,500,2,10,847,4,151872,6,2,12,0,20,0,420,74282,12,5,445692,1
5557,2,648,6,3888,4308,6,258.48,4956,500,2,10,25312,6,90,6,2,12,2,60,120,480,185008,24,5,2220096,1
5557,4,120,4,480,54,2,1.08,174,500,2,10,45,2,10,2,2,4,0,20,0,220,2078,4,5,4156,0
5557,4,26,2,52,21,2,0.42,47,500,2,10,5,2,0,2,2,4,0,20,0,200,1504,4,5,3008,0
5557,5,70,2,140,19,2,0.38,89,500,2,10,0,2,22,2,2,4,0,20,0,200,1578,4,5,3156,0
5557,5,159,4,636,13,2,0.26,172,500,2,10,11,2,4,2,2,4,0,20,0,220,2084,4,5,4168,0
5557,19,0,2,0,0,2,0,0,500,2,10,2,2,2564,2,2,4,0,20,0,200,1404,4,5,2808,0
5557,19,314,6,1884,497,6,29.82,811,500,2,10,641,4,0,2,2,4,1,40,40,400,9230,8,5,36920,1
5557,20,68,2,136,147,4,5.88,215,500,2,10,0,2,0,2,2,4,0,20,0,260,2124,4,5,4248,0
5557,9,67,2,134,171,4,6.84,238,500,2,10,0,2,98,2,2,4,0,20,0,260,2218,4,5,4436,0
5557,9,254,6,1524,552,6,33.12,806,500,2,10,49,2,164,2,2,4,0,20,0,360,6334,4,5,12668,1
5557,11,184,4,736,425,6,25.5,609,500,2,10,82,2,0,2,2,4,0,20,0,340,4850,4,5,9700,0
5557,8,0,2,0,0,2,0,0,500,2,10,0,2,118,2,2,4,0,20,0,200,1400,4,5,2800,0
5557,12,310,6,1860,466,6,27.96,776,500,2,10,59,2,56,2,2,4,0,20,0,360,6174,4,5,12348,1
5557,12,79,2,158,46,2,0.92,125,500,2,10,28,2,0,2,2,4,0,20,0,200,1706,4,5,3412,0
5557,12,38,2,76,9,2,0.18,47,500,2,10,0,2,50,2,2,4,0,20,0,200,1494,4,5,2988,0
5557,8,241,6,1446,469,6,28.14,710,500,2,10,25,2,0,2,2,4,0,20,0,360,5710,4,5,11420,1
5557,8,0,2,0,0,2,0,0,500,2,10,0,2,2600,2,2,4,0,20,0,200,1400,4,5,2800,0
5557,29,126,4,504,158,4,6.32,284,500,2,10,650,4,0,2,2,4,0,20,0,300,5136,4,5,10272,1
5557,29,60,2,120,46,2,0.92,106,500,2,10,0,2,0,2,2,4,0,20,0,200,1612,4,5,3224,0
5557,2,124,4,496,227,6,13.62,351,500,2,10,0,2,0,6,2,12,0,20,0,380,4058,12,5,24348,1
5557,1,0,2,0,0,2,0,0,500,2,10,0,2,0,6,2,12,0,20,0,240,2200,12,5,13200,1
5557,44,0.06,2,0.12,111,4,4.44,111.06,500,2,10,0,2,50,6,2,12,0,20,0,300,2644.12,12,5,15864.72,1
5557,9,149,4,596,234,6,14.04,383,500,2,10,25,2,36,2,2,4,0,20,0,340,3450,4,5,6900,0
5557,32,127,4,508,200,6,12,327,500,2,10,18,2,2524,2,2,4,0,20,0,340,3144,4,5,6288,0
5557,16,242,6,1452,353,6,21.18,595,500,2,10,631,4,0,2,2,4,0,20,0,380,7494,4,5,14988,1
5557,15,69,2,138,81,2,1.62,150,500,2,10,0,2,102,2,2,4,0,20,0,200,1700,4,5,3400,0
5557,15,185,4,740,416,6,24.96,601,500,2,10,51,2,330,2,2,4,0,20,0,340,4738,4,5,9476,0
5557,15,185,4,740,416,6,24.96,601,500,2,10,165,2,2244,2,2,4,0,20,0,340,4966,4,5,9932,0
5557,13,245,6,1470,547,6,32.82,792,500,2,10,561,4,0,2,2,4,0,20,0,380,8396,4,5,16792,1
5557,13,54,2,108,67,2,1.34,121,500,2,10,0,2,0,2,2,4,0,20,0,200,1642,4,5,3284,0
5557,22,0,2,0,0,2,0,0,500,2,10,0,2,138,2,2,4,0,20,0,200,1400,4,5,2800,0
5557,18,145,4,580,579,6,34.74,724,500,2,10,69,2,0,2,2,4,0,20,0,340,5592,4,5,11184,1
5557,6,84,2,168,0,2,0,84,500,2,10,0,2,0,2,2,4,0,20,0,200,1568,4,5,3136,0
5557,6,0,2,0,0,2,0,0,500,2,10,0,2,0,2,2,4,0,20,0,200,1400,4,5,2800,0
5557,6,11,2,22,0,2,0,11,500,2,10,0,2,0,2,2,4,0,20,0,200,1422,4,5,2844,0
5557,16,49,2,98,0,2,0,49,500,2,10,0,2,0,2,2,4,0,20,0,200,1498,4,5,2996,0
5557,6,41,2,82,0,2,0,41,500,2,10,0,2,0,2,2,4,0,20,0,200,1482,4,5,2964,0
5557,25,56,2,112,0,2,0,56,500,2,10,0,2,20,2,2,4,0,20,0,200,1512,4,5,3024,0
5557,6,87,2,174,0,2,0,87,500,2,10,10,2,0,2,2,4,0,20,0,200,1594,4,5,3188,0
5557,25,50,2,100,0,2,0,50,500,2,10,0,2,4,2,2,4,0,20,0,200,1500,4,5,3000,0
5557,6,0,2,0,0,2,0,0,500,2,10,2,2,0,2,2,4,0,20,0,200,1404,4,5,2808,0
5557,6,38,2,76,49,2,0.98,87,500,2,10,0,2,0,2,2,4,0,20,0,200,1574,4,5,3148,0
5557,6,0,2,0,3,2,0.06,3,500,2,10,0,2,0,2,2,4,0,20,0,200,1406,4,5,2812,0
5557,37,17,2,34,0,2,0,17,500,2,10,0,2,0,2,2,4,0,20,0,200,1434,4,5,2868,0
5557,8,84,2,168,0,2,0,84,500,2,10,0,2,0,4,2,8,0,20,0,220,1968,8,5,7872,0
5557,37,49,2,98,478,6,28.68,527,500,2,10,0,2,198,2,2,4,0,20,0,320,4366,4,5,8732,0
5557,8,67,2,134,41,2,0.82,108,500,2,10,99,2,3772,4,2,8,0,20,0,220,2214,8,5,8856,0
5557,8,45,2,90,827,6,49.62,872,500,2,10,943,4,0,4,2,8,0,20,0,360,10624,8,5,42496,1
5557,8,0,2,0,0,2,0,0,500,2,10,0,2,0,4,2,8,0,20,0,220,1800,8,5,7200,0
5557,8,68,2,136,0,2,0,68,500,2,10,0,2,0,4,2,8,0,20,0,220,1936,8,5,7744,0
5557,8,99,2,198,0,2,0,99,500,2,10,0,2,0,4,2,8,0,20,0,220,1998,8,5,7992,0
5557,8,29,2,58,0,2,0,29,500,2,10,0,2,12,4,2,8,0,20,0,220,1858,8,5,7432,0
5557,8,167,4,668,0,2,0,167,500,2,10,6,2,0,4,2,8,0,20,0,240,2480,8,5,9920,0
5557,8,105,4,420,217,6,13.02,322,500,2,10,0,2,0,4,2,8,0,20,0,360,3522,8,5,14088,1
5557,2,74,2,148,0,2,0,74,500,2,10,0,2,0,6,2,12,0,20,0,240,2348,12,5,14088,1
5557,2,0,2,0,0,2,0,0,500,2,10,0,2,0,6,2,12,0,20,0,240,2200,12,5,13200,1
5557,4,51,2,102,136,4,5.44,187,500,2,10,0,2,30,2,2,4,0,20,0,260,2046,4,5,4092,0
5557,4,74,2,148,0,2,0,74,500,2,10,15,2,0,2,2,4,0,20,0,200,1578,4,5,3156,0
5557,4,23,2,46,0,2,0,23,500,2,10,0,2,0,2,2,4,0,20,0,200,1446,4,5,2892,0
5557,4,0,2,0,130,4,5.2,130,500,2,10,0,2,0,2,2,4,0,20,0,260,1920,4,5,3840,0
5557,4,49,2,98,0,2,0,49,500,2,10,0,2,0,2,2,4,0,20,0,200,1498,4,5,2996,0
5557,4,73,2,146,0,2,0,73,500,2,10,0,2,0,2,2,4,0,20,0,200,1546,4,5,3092,0
5557,4,28,2,56,25,2,0.5,53,500,2,10,0,2,0,2,2,4,0,20,0,200,1506,4,5,3012,0
5557,4,32,2,64,0,2,0,32,500,2,10,0,2,0,2,4,8,0,20,0,220,1864,8,5,7456,0
5557,14,21,2,42,0,2,0,21,500,2,10,0,2,0,2,2,4,0,20,0,200,1442,4,5,2884,0
5557,14,163,4,652,0,2,0,163,500,2,10,0,2,0,2,2,4,0,20,0,220,2052,4,5,4104,0
5557,36,80,2,160,0,2,0,80,500,2,10,0,2,0,2,2,4,0,20,0,200,1560,4,5,3120,0
5557,5,0,2,0,0,2,0,0,500,2,10,0,2,0,2,2,4,0,20,0,200,1400,4,5,2800,0
5557,43,83,2,166,0,2,0,83,500,2,10,0,2,20,2,2,4,0,20,0,200,1566,4,5,3132,0
5557,5,57,2,114,126,4,5.04,183,500,2,10,10,2,0,2,2,4,0,20,0,260,2038,4,5,4076,0
5557,5,71,2,142,0,2,0,71,500,2,10,0,2,0,2,2,4,0,20,0,200,1542,4,5,3084,0
5557,5,15,2,30,0,2,0,15,500,2,10,0,2,0,2,2,4,0,20,0,200,1430,4,5,2860,0
5557,5,126,4,504,0,2,0,126,500,2,10,0,2,2,2,2,4,0,20,0,220,1904,4,5,3808,0
5557,5,0,2,0,0,2,0,0,500,2,10,1,2,0,2,2,4,0,20,0,200,1402,4,5,2804,0
5557,43,0,2,0,0,2,0,0,500,2,10,0,2,0,2,2,4,0,20,0,200,1400,4,5,2800,0
5557,5,0,2,0,0,2,0,0,500,2,10,0,2,0,2,2,4,0,20,0,200,1400,4,5,2800,0
5557,5,9,2,18,0,2,0,9,500,2,10,0,2,0,2,2,4,0,20,0,200,1418,4,5,2836,0
5557,5,51,2,102,3,2,0.06,54,500,2,10,0,2,4,2,2,4,0,20,0,200,1508,4,5,3016,0
5557,5,49,2,98,0,2,0,49,500,2,10,2,2,0,2,2,4,0,20,0,200,1502,4,5,3004,0
5557,19,110,4,440,0,2,0,110,500,2,10,0,2,0,2,2,4,0,20,0,220,1840,4,5,3680,0
5557,8,114,4,456,0,2,0,114,500,2,10,0,2,0,4,2,8,0,20,0,240,2256,8,5,9024,0
5557,19,0,2,0,0,2,0,0,500,2,10,0,2,0,2,2,4,0,20,0,200,1400,4,5,2800,0
5557,19,230,6,1380,0,2,0,230,500,2,10,0,2,53004,2,2,4,0,20,0,240,2780,4,5,5560,0
5557,19,160,4,640,49,2,0.98,209,500,2,10,8834,6,0,2,2,4,0,20,0,260,55142,4,5,110284,1
5557,19,149,4,596,0,2,0,149,500,2,10,0,2,0,2,2,4,0,20,0,220,1996,4,5,3992,0
5557,19,24,2,48,0,2,0,24,500,2,10,0,2,0,2,2,4,0,20,0,200,1448,4,5,2896,0
5557,19,42,2,84,0,2,0,42,500,2,10,0,2,0,2,2,4,0,20,0,200,1484,4,5,2968,0
5557,19,107,4,428,16,2,0.32,123,500,2,10,0,2,0,2,2,4,0,20,0,220,1860,4,5,3720,0
5557,22,139,4,556,0,2,0,139,500,2,10,0,2,0,2,2,4,0,20,0,220,1956,4,5,3912,0
5557,22,7,2,14,0,2,0,7,500,2,10,0,2,0,2,2,4,0,20,0,200,1414,4,5,2828,0
5557,9,49,2,98,40,2,0.8,89,500,2,10,0,2,22,2,2,4,0,20,0,200,1578,4,5,3156,0
5557,9,88,2,176,54,2,1.08,142,500,2,10,11,2,0,2,2,4,0,20,0,200,1706,4,5,3412,0
5557,19,0,2,0,174,4,6.96,174,500,2,10,0,2,44,2,2,4,0,20,0,260,2096,4,5,4192,0
5557,9,128,4,512,0,2,0,128,500,2,10,22,2,0,2,2,4,0,20,0,220,1956,4,5,3912,0
5557,9,0,2,0,0,2,0,0,500,2,10,0,2,0,2,2,4,0,20,0,200,1400,4,5,2800,0
5557,9,0,2,0,0,2,0,0,500,2,10,0,2,0,2,2,4,0,20,0,200,1400,4,5,2800,0
5557,9,21,2,42,0,2,0,21,500,2,10,0,2,0,2,2,4,0,20,0,200,1442,4,5,2884,0
5557,9,92,2,184,0,2,0,92,500,2,10,0,2,0,2,2,4,0,20,0,200,1584,4,5,3168,0
5557,9,17,2,34,0,2,0,17,500,2,10,0,2,0,2,2,4,0,20,0,200,1434,4,5,2868,0
5557,9,26,2,52,0.21,2,0.0042,26.21,500,2,10,0,2,0,2,2,4,0,20,0,200,1452.42,4,5,2904.84,0
5557,9,78,2,156,0,2,0,78,500,2,10,0,2,0,2,2,4,0,20,0,200,1556,4,5,3112,0
5557,11,98,2,196,0,2,0,98,500,2,10,0,2,0,2,2,4,0,20,0,200,1596,4,5,3192,0
5557,11,27,2,54,0.17,2,0.0034,27.17,500,2,10,0,2,0,2,2,4,0,20,0,200,1454.34,4,5,2908.68,0
5557,11,41,2,82,11,2,0.22,52,500,2,10,0,2,142,2,2,4,0,20,0,200,1504,4,5,3008,0
5557,11,74,2,148,0,2,0,74,500,2,10,71,2,0,2,2,4,0,20,0,200,1690,4,5,3380,0
5557,11,82,2,164,292,6,17.52,374,500,2,10,0,2,0,2,2,4,0,20,0,320,3316,4,5,6632,0
5557,12,0,2,0,1168,6,70.08,1168,500,2,10,0,2,0,2,2,4,0,20,0,320,8408,4,5,16816,1
5557,12,61,2,122,0,2,0,61,500,2,10,0,2,116,2,2,4,0,20,0,200,1522,4,5,3044,0
5557,12,62,2,124,47,2,0.94,109,500,2,10,58,2,714,2,2,4,0,20,0,200,1734,4,5,3468,0
5557,12,0,2,0,0,2,0,0,500,2,10,357,2,0,2,2,4,0,20,0,200,2114,4,5,4228,0
5557,12,0,2,0,0,2,0,0,500,2,10,0,2,0,2,2,4,0,20,0,200,1400,4,5,2800,0
5557,12,0,2,0,0,2,0,0,500,2,10,0,2,0,2,2,4,0,20,0,200,1400,4,5,2800,0
5557,12,0,2,0,0,2,0,0,500,2,10,0,2,0,2,2,4,0,20,0,200,1400,4,5,2800,0
5557,12,108,4,432,0,2,0,108,500,2,10,0,2,0,2,2,4,0,20,0,220,1832,4,5,3664,0
5557,12,70,2,140,0,2,0,70,500,2,10,0,2,0,2,2,4,0,20,0,200,1540,4,5,3080,0
5557,8,136,4,544,0,2,0,136,500,2,10,0,2,0,2,2,4,0,20,0,220,1944,4,5,3888,0
5557,8,0,2,0,524,6,31.44,524,500,2,10,0,2,0,2,2,4,0,20,0,320,4544,4,5,9088,0
5557,8,32,2,64,17,2,0.34,49,500,2,10,0,2,0,2,2,4,0,20,0,200,1498,4,5,2996,0
5557,8,33,2,66,0.13,2,0.0026,33.13,500,2,10,0,2,8,2,2,4,0,20,0,200,1466.26,4,5,2932.52,0
5557,8,108,4,432,92,2,1.84,200,500,2,10,4,2,0,2,2,4,0,20,0,220,2024,4,5,4048,0
5557,8,0,2,0,0,2,0,0,500,2,10,0,2,0,2,2,4,0,20,0,200,1400,4,5,2800,0
5557,8,60,2,120,0,2,0,60,500,2,10,0,2,0,2,2,4,0,20,0,200,1520,4,5,3040,0
5557,27,76,2,152,0,2,0,76,500,2,10,0,2,12,2,2,4,0,20,0,200,1552,4,5,3104,0
5557,27,0,2,0,299,6,17.94,299,500,2,10,6,2,0,2,2,4,0,20,0,320,3206,4,5,6412,0
5557,29,0,2,0,0,2,0,0,500,2,10,0,2,14,2,2,4,0,20,0,200,1400,4,5,2800,0
5557,29,49,2,98,28,2,0.56,77,500,2,10,7,2,0,2,2,4,0,20,0,200,1568,4,5,3136,0
5557,29,0,2,0,81,2,1.62,81,500,2,10,0,2,0,2,2,4,0,20,0,200,1562,4,5,3124,0
5557,29,41,2,82,0,2,0,41,500,2,10,0,2,0,2,2,4,0,20,0,200,1482,4,5,2964,0
5557,27,0,2,0,0,2,0,0,500,2,10,0,2,0,2,2,4,0,20,0,200,1400,4,5,2800,0
5557,29,82,2,164,0,2,0,82,500,2,10,0,2,0,2,2,4,0,20,0,200,1564,4,5,3128,0
5557,29,32,2,64,0.09,2,0.0018,32.09,500,2,10,0,2,0,2,2,4,0,20,0,200,1464.18,4,5,2928.36,0
5557,27,0,2,0,0,2,0,0,500,2,10,0,2,0,2,2,4,0,20,0,200,1400,4,5,2800,0
5557,2,0,2,0,0,2,0,0,500,2,10,0,2,180,6,2,12,0,20,0,240,2200,12,5,13200,1
5557,2,106,4,424,63,2,1.26,169,500,2,10,90,2,0,6,2,12,0,20,0,260,2930,12,5,17580,1
5557,28,0,2,0,0,2,0,0,500,2,10,0,2,26,2,2,4,0,20,0,200,1400,4,5,2800,0
5557,28,0,2,0,0,2,0,0,500,2,10,13,2,0,2,2,4,0,20,0,200,1426,4,5,2852,0
5557,17,0,2,0,0,2,0,0,500,2,10,0,2,360,2,2,4,0,20,0,200,1400,4,5,2800,0
5557,9,51,2,102,163,4,6.52,214,500,2,10,180,2,0,2,2,4,0,20,0,260,2514,4,5,5028,0
5557,9,106,4,424,0,2,0,106,500,2,10,0,2,0,2,2,4,0,20,0,220,1824,4,5,3648,0
5557,9,71,2,142,25,2,0.5,96,500,2,10,0,2,86,2,2,4,0,20,0,200,1592,4,5,3184,0
5557,32,0,2,0,849,6,50.94,849,500,2,10,43,2,0,2,2,4,0,20,0,320,6580,4,5,13160,1
5557,32,160,4,640,0,2,0,160,500,2,10,0,2,0,2,2,4,0,20,0,220,2040,4,5,4080,0
5557,32,30,2,60,0.23,2,0.0046,30.23,500,2,10,0,2,84,2,2,4,0,20,0,200,1460.46,4,5,2920.92,0
5557,16,47,2,94,46,2,0.92,93,500,2,10,42,2,4,2,2,4,0,20,0,200,1670,4,5,3340,0
5557,16,0,2,0,0,2,0,0,500,2,10,2,2,0,2,2,4,0,20,0,200,1404,4,5,2808,0
5557,16,119,4,476,0,2,0,119,500,2,10,0,2,0,2,2,4,0,20,0,220,1876,4,5,3752,0
5557,16,0,2,0,129,4,5.16,129,500,2,10,0,2,382,2,2,4,0,20,0,260,1916,4,5,3832,0
5557,16,70,2,140,79,2,1.58,149,550,4,22,191,2,28,2,2,4,0,20,0,240,3280,4,5,6560,0
5557,22,83,2,166,0,2,0,83,500,2,10,14,2,480,2,2,4,0,20,0,200,1594,4,5,3188,0
5557,16,74,2,148,0,2,0,74,500,2,10,240,2,0,2,2,4,0,20,0,200,2028,4,5,4056,0
5557,16,20,2,40,0,2,0,20,500,2,10,0,2,0,2,2,4,0,20,0,200,1440,4,5,2880,0
5557,15,140,4,560,6,2,0.12,146,500,2,10,0,2,0,2,2,4,0,20,0,220,1972,4,5,3944,0
5557,15,40,2,80,0.25,2,0.005,40.25,500,2,10,0,2,80,2,2,4,0,20,0,200,1480.5,4,5,2961,0
5557,15,85,2,170,100,4,4,185,500,2,10,40,2,14,2,2,4,0,20,0,260,2050,4,5,4100,0
5557,15,0,2,0,88,2,1.76,88,500,2,10,7,2,0,2,2,4,0,20,0,200,1590,4,5,3180,0
5557,15,0,2,0,0,2,0,0,500,2,10,0,2,0,2,2,4,0,20,0,200,1400,4,5,2800,0
5557,15,112,4,448,0,2,0,112,500,2,10,0,2,0,2,2,4,0,20,0,220,1848,4,5,3696,0
5557,15,128,4,512,0,2,0,128,500,2,10,0,2,0,2,2,4,0,20,0,220,1912,4,5,3824,0
5557,15,0,2,0,0,2,0,0,500,2,10,0,2,0,2,2,4,0,20,0,200,1400,4,5,2800,0
5557,13,0,2,0,116,4,4.64,116,500,2,10,0,2,0,2,2,4,0,20,0,260,1864,4,5,3728,0
5557,13,10,2,20,0,2,0,10,500,2,10,0,2,9654,2,2,4,0,20,0,200,1420,4,5,2840,0
5557,13,106,4,424,160,4,6.4,266,500,2,10,1609,6,0,2,2,4,0,20,0,320,12118,4,5,24236,1
5557,13,25,2,50,0.17,2,0.0034,25.17,500,2,10,0,2,0,2,2,4,0,20,0,200,1450.34,4,5,2900.68,0
5557,13,31,2,62,0.15,2,0.003,31.15,500,2,10,0,2,0,2,2,4,0,20,0,200,1462.3,4,5,2924.6,0
5557,13,0,2,0,0,2,0,0,500,2,10,0,2,0,2,2,4,0,20,0,200,1400,4,5,2800,0
5557,13,84,2,168,0,2,0,84,500,2,10,0,2,0,2,2,4,0,20,0,200,1568,4,5,3136,0
5557,13,109,4,436,0,2,0,109,500,2,10,0,2,0,2,2,4,0,20,0,220,1836,4,5,3672,0
5557,13,129,4,516,0,2,0,129,500,2,10,0,2,0,2,2,4,0,20,0,220,1916,4,5,3832,0
5557,13,51,2,102,37,2,0.74,88,500,2,10,0,2,0,2,2,4,0,20,0,200,1576,4,5,3152,0
5557,21,9,2,18,0,2,0,9,500,2,10,0,2,0,2,2,4,0,20,0,200,1418,4,5,2836,0
5557,18,39,2,78,91,2,1.82,130,500,2,10,0,2,0,2,2,4,0,20,0,200,1660,4,5,3320,0
5557,21,107,4,428,0,2,0,107,500,2,10,0,2,0,2,2,4,0,20,0,220,1828,4,5,3656,0
5557,25,0,2,0,0,2,0,0,500,2,10,0,2,36,2,2,4,0,20,0,200,1400,4,5,2800,0
5557,32,50,2,100,297,6,17.82,347,500,2,10,18,2,0,2,2,4,0,20,0,320,3318,4,5,6636,0
5557,22,49,2,98,55,2,1.1,104,500,2,10,0,2,0,2,2,4,0,20,0,200,1608,4,5,3216,0
5557,14,84,2,168,65,2,1.3,149,500,2,10,0,2,0,2,2,4,0,20,0,200,1698,4,5,3396,0
5557,12,90,2,180,111,4,4.44,201,500,2,10,0,2,0,2,2,4,0,20,0,260,2024,4,5,4048,0
5557,12,0,2,0,0,2,0,0,500,2,10,0,2,0,2,2,4,0,20,0,200,1400,4,5,2800,0
5557,14,59,2,118,0,2,0,59,500,2,10,0,2,0,2,2,4,0,20,0,200,1518,4,5,3036,0
5557,36,2,2,4,0,2,0,2,500,2,10,0,2,0,2,2,4,0,20,0,200,1404,4,5,2808,0
5557,14,148,4,592,448,6,26.88,596,500,2,10,0,2,0,2,2,4,0,20,0,340,4680,4,5,9360,0
5557,22,0,2,0,330,6,19.8,330,500,2,10,0,2,0,2,2,4,0,20,0,320,3380,4,5,6760,0
5557,8,80,2,160,57,2,1.14,137,500,2,10,0,2,42,2,2,4,0,20,0,200,1674,4,5,3348,0
5557,18,36,2,72,54,2,1.08,90,500,2,10,21,2,0,2,2,4,0,20,0,200,1622,4,5,3244,0
5557,9,44,2,88,53,2,1.06,97,500,2,10,0,2,18,2,2,4,0,20,0,200,1594,4,5,3188,0
5557,16,51,2,102,50,2,1,101,500,2,10,9,2,0,2,2,4,0,20,0,200,1620,4,5,3240,0
5557,18,75,2,150,45,2,0.9,120,500,2,10,0,2,0,2,2,4,0,20,0,200,1640,4,5,3280,0
5557,9,49,2,98,40,2,0.8,89,500,2,10,0,2,0,2,2,4,0,20,0,200,1578,4,5,3156,0
5557,16,47,2,94,37,2,0.74,84,500,2,10,0,2,0,2,2,4,0,20,0,200,1568,4,5,3136,0
5557,14,24,2,48,4,2,0.08,28,500,2,10,0,2,0,2,2,4,0,20,0,200,1456,4,5,2912,0
5557,18,20,2,40,0,2,0,20,500,2,10,0,2,64,2,2,4,0,20,0,200,1440,4,5,2880,0
5557,15,0,2,0,0,2,0,0,500,2,10,32,2,0,2,2,4,0,20,0,200,1464,4,5,2928,0