variance,skewness,curtosis,entropy,Class
36216,86661,-28073,-44699,0
45459,81674,-24586,-146210,0
38660,-26383,19242,10645,0
34566,95228,-40112,-359440,0
3292.4,-44552,45718,-98880,0
43684,96718,-39606,-316250,0
35912,30129,7288.8,56421,0
20922,-68100,84636,-60216,0
32032,57588,-7534.5,-61251,0
15356,91772,-22718,-73535,0
12247,87779,-22135,-80647,0
39899,-27066,23946,86291,0
18993,76625,1539.4,-311080,0
-15768,108430,25462,-293620,0
34040,87261,-29915,-57242,0
46765,-33895,34896,147710,0
26719,30646,3715.8,58619,0
8035.5,28473,43439,60170,0
14479,-48794,83428,-210860,0
52423,110272,-43530,-410130,0
57867,78902,-26196,-48708,0
3292,-44552,45718,-98880,0
39362,101622,-38235,-401720,0
9358.4,88855,-16831,-165990,0
44338,98870,-46795,-374830,0
7057,-54981,83368,-287150,0
11432,-37413,55777,-63578,0
-3821.4,83909,21624,-374050,0
65633,98187,-44113,-322580,0
48906,-33584,34202,109050,0
-2481.1,-1779.7,49068,15429,0
14884,36274,33080,48921,0
42969,76170,-23874,-96164,0
-9651.1,94111,17305,-486290,0
-16162,8090.8,81628,60817,0
24391,64417,-8074.3,-69139,0
26881,60195,-4664.1,-69268,0
36289,8132.2,16277,77627,0
45679,31929,-21055,29653,0
34805,97008,-37541,-343790,0
41711,87220,-30224,-59699,0
-2062,92207,-37044,-681030,0
-68.919,92931,-4124.3,-196380,0
9644.1,58395,23235,6636.5,0
28561,69176,-7937.2,48403,0
-7869,95663,-37867,-750340,0
20843,66258,4838.2,-221340,0
-7869,95663,-37867,-750340,0
39102,60650,-24534,-68234,0
16349,32860,28753,8705.4,0
43239,-48835,34356,-57760,0
52620,39834,-15572,101030,0
31452,58250,-5143.9,-149440,0
25490,61499,-11605,-123710,0
49264,54960,-24774,-50648,0
48265,8028.7,16371,118750,0
25635,67769,-6197.9,38576,0
58070,50097,-22384,43878,0
31377,-41096,45701,98963,0
-7828.9,113603,-3764.4,-704950,0
28880,4469.6,45907,-24398,0
4966.5,55270,17785,-47156,0
42586,112962,-40943,-434570,0
17939,-11174,15454,-26079,0
54021,31039,-11536,156510,0
25367,25990,20938,20085,0
46054,-40765,27587,31981,0
24235,95332,-30789,-277460,0
10009,77846,-2821.9,-266080,0
1232.6,89848,-9351,-243320,0
39529,-23548,23792,48274,0
41373,4924.8,10930,182760,0
47181,100153,-39486,-385820,0
41654,-34495,36430,108790,0
44069,109072,-45775,-442710,0
23066,35364,5755.1,41938,0
37935,79853,-25477,-187200,0
491.75,61437,17828,-72113,0
2483.5,76439,9885,-87371,0
11317,39647,33979,84351,0
28033,90862,-33668,-102240,0
44682,22907,9576.6,83058,0
50185,85978,-29375,-128100,0
18664,77763,-2384.9,-296340,0
32450,66300,-6343.5,86937,0
40296,26756,8068.5,71679,0
-11313,19037,75339,102200,0
8760.3,68141,8419.8,-17156,0
41197,-27956,20707,67412,0
38027,8152.9,21041,102450,0
14806,76377,-27876,-103410,0
40632,35840,7254.5,39481,0
43064,82068,-27824,-143360,0
24486,-63175,79632,20602,0
32718,17837,21161,61334,0
-6447.2,-46062,83470,-270990,0
29543,10760,6457.7,89394,0
21616,-68804,81517,-8104.8,0
38200,109279,-40112,-502840,0
-27419,114038,25394,-557930,0
33669,-51856,36935,-114270,0
45597,-24211,26413,161680,0
51129,-4987.1,6286.3,111890,0
33397,-46145,39823,-23751,0
42027,2276.1,9610.8,97282,0
35438,12395,19970,215470,0
23136,106651,-35288,-476720,0
-18584,78860,-16643,-183840,0
31060,95414,-42536,-400300,0
29163,108306,-33437,-412200,0
39922,-44676,37304,-10950,0
15180,56946,948.18,-2673.8,0
32351,96470,-32074,-259480,0
42188,68162,-12804,76076,0
17819,69176,-12744,-157590,0
25331,29135,-8220,-12243,0
38969,74163,-18245,14007,0
21080,67955,-1708,49050,0
28969,7076.8,22900,186630,0
9297,-37971,46429,-29570,0
34642,106878,-34071,-410900,0
40713,104023,-41722,-475820,0
-14572,91214,17425,-512410,0
-15075,19224,71466,89136,0
-9171.8,99884,11804,-522630,0
29940,72011,-12153,32110,0
-23430,129516,33285,-594260,0
37818,-28846,22558,-15734,0
46689,13098,554.04,190900,0
34663,11112,17425,133880,0
32697,-43414,36884,-29829,0
51302,86703,-28913,-150860,0
20139,61416,3792.9,56938,0
4339,55395,20330,-40432,0
-10401,93987,8599.8,-533360,0
41605,112196,-36136,-408190,0
54380,94669,-49417,-392020,0
50320,82026,-26256,-103410,0
52418,105388,-41174,-427970,0
-2062,92207,-37044,-681030,0
20911,9435.8,45512,123400,0
17317,-3476.5,41905,-99138,0
41736,33336,-14244,60429,0
39232,-32467,34579,83705,0
38481,101539,-38561,-422280,0
5195,-32633,30895,-98490,0
38584,7842.5,11033,170080,0
17496,-1759,51827,129220,0
36277,9829,6886.1,63403,0
27391,74018,716.84,-253020,0
45447,82274,-24166,-158750,0
-17599,119211,26756,-332410,0
50691,2131.3,2027.8,120950,0
34591,111120,-42039,-509310,0
19358,81654,-234.25,-225860,0
24860,-9953.3,53404,-15475,0
24226,-45752,59470,21507,0
39479,-37723,28830,1981.3,0
22634,-44862,36558,-61251,0
13566,42358,21341,32110,0
50452,38964,-14304,86291,0
35499,86165,-32794,-120090,0
1734.6,78695,2687.6,-378830,0
24008,93593,-33565,-335260,0
48851,15995,-2.9081,164010,0
41927,-32674,25839,21766,0
11166,86496,-9625.2,-181120,0
10235,69010,-20062,-271250,0
-18030,118818,20458,-527280,0
1173.9,62761,-15495,-247460,0
5706,-248,12421,-56210,0
40552,-24583,22806,103230,0
-16952,10657,88294,94955,0
-11193,107271,20938,-565040,0
18799,24707,24931,37671,0
35830,-37971,34391,-12501,0
1908.1,91297,-37250,-582240,0
36582,56864,-17157,-23751,0
-1314.4,-17775,83316,35214,0
23925,97980,-30361,-282240,0
16426,30149,2284.9,-14700,0
-1178.3,-15789,80300,-2803.1,0
-6957.2,86165,18419,-432890,0
29421,74101,-9770.9,-88406,0
-17559,119459,30946,-489780,0
-12537,108803,19310,-432370,0
32585,-44614,38024,-15087,0
18314,63672,-362.78,4955.4,0
45645,-36275,28684,27714,0
27365,-50325,66608,-57889,0
9297,-37971,46429,-29570,0
39663,101684,-41131,-460560,0
14578,-848.5,41785,59136,0
48272,30687,6860.4,80731,0
-23410,123784,7040.3,-758360,0
-18584,78860,-16643,-183840,0
41454,72570,-19153,-86078,0
19157,60816,2370.5,-201160,0
40215,-21914,24648,114090,0
58862,58747,-28167,-30087,0
-20897,108265,23603,-341980,0
40026,-35943,35573,26809,0
-7868.9,95663,-37867,-750340,0
41757,102615,-38552,-430560,0
8329.2,75404,6500.5,-92544,0
48077,22327,-2633.4,155340,0
53063,52684,-28904,-52716,0
25605,92683,-35913,-135600,0
21059,76046,-4775.5,-184610,0
21721,-7387.4,54672,-72371,0
42899,91814,-46067,-432630,0
35156,101891,-42759,-497800,0
26140,80081,-37258,-130690,0
6808.7,23259,49085,54998,0
41962,7449.3,8325.6,75300,0
60919,29673,-13267,145510,0
13234,32964,2362,-11984,0
13264,10326,56566,-41337,0
-1673.5,76274,12061,-362410,0
-13000,102678,-29530,-586380,0
-22261,125398,29438,-352580,0
24196,64665,-7568.8,22800,0
10987,6394,59890,-58277,0
46464,105326,-45852,-420600,0
-3603.8,41158,31143,-37199,0
13562,32136,43465,78662,0
5706,-248,12421,-56210,0
-26479,101374,-13310,-547070,0
31219,-31370,19259,-37458,0
54944,15478,416.94,192840,0
-13389,15520,70806,103100,0
-23361,119604,30835,-544350,0
22596,-331.18,47355,-27760,0
4690.1,-6332.1,73848,36507,0
27296,28701,5112.4,50990,0
20466,20300,21761,-8363.4,0
-13274,94980,24408,-526890,0
38905,-21521,26302,110470,0
39994,9042.7,11693,168920,0
23952,95083,-31783,-300860,0
32704,69321,-10456,23447,0
-13931,15664,75382,78403,0
16406,35488,13964,-36424,0
27744,68576,-10671,7541.6,0
24287,93821,-32477,-145430,0
42134,-28060,20116,67412,0
16472,4821.3,47449,122500,0
20597,-9932.6,52119,-29312,0
3798,7098,7572,-44440,0
10135,84551,-16720,-208150,0
45691,-44552,31769,429.61,0
5746.1,101105,-16917,-439220,0
5734,91938,-9094,-187200,0
52868,32570,-13721,116680,0
40102,106568,-41388,-506460,0
41425,-36792,38281,162970,0
30934,-29177,22232,22283,0
22034,59947,5300.9,84998,0
37440,7945.9,9585.1,100770,0
30329,22948,21135,35084,0
37731,72073,-16814,-94742,0
31557,28908,5969.3,79825,0
18114,76067,-9788,-246680,0
49880,72052,-32846,-116080,0
24830,66155,-7928.7,-90863,0
15940,47055,13758,8188.2,0
-161.03,97484,1539.4,-161340,0
38496,97939,-41508,-445820,0
9297,-37971,46429,-29570,0
49342,24107,-1759.4,162450,0
38417,100215,-42699,-491590,0
53915,99946,-38081,-336420,0
44072,-703.65,20416,113190,0
26946,67976,-4030.1,44912,0
52756,1386.3,1213.8,114350,0
34312,62637,-19513,-36165,0
40520,-1655.5,4538.3,51248,0
13638,-47759,84182,-188360,0
8956.6,77763,-27473,-193530,0
19265,77557,-1682.3,-307710,0
2097.7,-4614.6,77267,90946,0
40680,-29363,21992,50084,0
28770,-40599,36259,-32544,0
3223,-8980.8,80883,69222,0
-13000,102678,-29530,-586380,0
17747,-64334,81500,-89828,0
13419,-44221,80900,-173490,0
8960.6,105471,-14175,-403270,0
4412.5,29487,43225,71550,0
32422,62265,1222.4,-144660,0
25678,35136,6140.6,-40691,0
-22153,119625,785.38,-778530,0
41349,61189,-24294,-19613,0
19340,-9.28E-02,48160,-33967,0
25068,11588,39249,12585,0
21464,60795,-5778,-223020,0
519.79,70521,-20541,-315080,0
12706,80350,-1965.1,-218880,0
11430,8339.1,54552,-56984,0
22928,90386,-32417,-129910,0
3292,-44552,45718,-98880,0
29719,68369,-2702,71291,0
16849,87489,-12641,-138580,0
-19177,116894,25454,-327630,0
23729,104726,-30087,-320130,0
10284,97670,-13687,-178530,0
2745.1,92186,-32863,-484480,0
16032,-47863,85193,-212030,0
46160,101788,-42185,-442450,0
42478,76956,-27696,-107670,0
40215,-27004,24957,36636,0
50297,-49704,35025,-23751,0
15902,22948,32403,18404,0
21274,51939,-17971,-117630,0
11811,83847,-20567,-90345,0
3292,-44552,45718,-98880,0
57353,52808,-22598,7541.6,0
26718,56574,7297.4,-148920,0
15799,-47076,79186,-154870,0
29499,22493,13458,-3708.3,0
5195,-32633,30895,-98490,0
37352,95911,-39032,-334870,0
-17344,20175,77618,93532,0
38840,100277,-39298,-408190,0
35257,12829,19276,179910,0
44549,24976,10313,96894,0
-1610.8,-64624,83573,-152160,0
42164,94607,-49288,-523660,0
35152,68224,-6737.7,-46898,0
16988,29094,29044,11033,0
10607,24542,25188,-17027,0
20421,12436,42171,90429,0
35594,13078,12910,165560,0
30009,58126,-22306,-66553,0
39294,14112,18076,89782,0
34667,-40724,42882,154180,0
39660,39213,7057.4,33662,0
10191,23300,49334,82929,0
9641.4,56160,22138,-12501,0
18205,67562,99.913,39481,0
49923,78653,-23515,-71984,0
-11804,115093,1556.5,-681940,0
40329,2317.5,8908.2,118230,0
6601.8,103878,-14029,-391510,0
35982,71307,-13035,21248,0
-18584,78860,-16643,-183840,0
40972,4697.2,16671,91593,0
33299,9125.4,15806,39352,0
31088,31122,8085.7,43360,0
-42859,85234,31392,-91639,0
-12528,102036,21787,-560380,0
5195,-32633,30895,-98490,0
3292,-44552,45718,-98880,0
8887.2,53449,20450,-19355,0
35458,93718,-40351,-395640,0
-2166.1,80329,18848,-388530,0
27206,90821,-33111,-96811,0
32051,86889,-29033,-78190,0
26917,108161,-33000,-428880,0
-23242,115176,18231,-537500,0
27161,-42006,41914,16981,0
33848,32674,9096.7,25128,0
17452,48028,20878,62627,0
28050,5773.2,13424,121330,0
57823,55788,-24089,-5647.9,0
38999,17340,16011,96765,0
35189,63320,-17791,-2027.3,0
32294,77391,-3781.6,-254050,0
34985,31639,2267.7,-16510,0
21948,13781,11582,85774,0
22526,99636,-31749,-299440,0
41529,-39358,28633,-1768.6,0
7430.7,111700,-13824,-407280,0
19105,88710,-23386,-75604,0
-15055,703.46,68681,-50648,0
5883.6,107727,-13884,-432760,0
32303,78384,-35348,-121510,0
-19922,116542,26542,-521070,0
28523,90096,-37610,-333710,0
42772,24955,4855.4,36119,0
15099,393.07,62332,-30346,0
54188,101457,-40840,-369910,0
8620.2,26963,42908,54739,0
38117,101457,-40463,-456290,0
5477.7,103754,-15435,-416330,0
23718,74908,159.89,-174140,0
-24953,111472,19353,-346380,0
46361,-26611,28358,119910,0
-22527,115321,25899,-327370,0
37982,104230,-41602,-497280,0
-3627.9,82895,-19213,-333320,0
21265,68783,4478.4,-222240,0
8673.6,55643,16765,-16769,0
37831,100526,-38869,-373660,0
-22623,121177,2884.6,-775810,0
12616,44303,-13335,-175170,0
26799,31349,3407.3,58489,0
-3981.6,59781,13912,-116210,0
43937,3579.8,20416,120040,0
29695,56222,2756.1,-115560,0
13049,-1552.1,64911,-75346,0
22123,-58395,77687,-85302,0
19647,69383,5772.2,66377,0
30864,-25845,22309,30947,0
3798,7098,7572,-44440,0
5898.2,74266,12353,-295950,0
1478.3,79460,10742,-334090,0
-620.25,61975,10990,-113100,0
42230,11319,7220.2,96118,0
6429.5,71018,3493,-41337,0
19410,4635.1,46472,108790,0
40047,4593.7,13621,161810,0
37767,97794,-39075,-353230,0
34769,-1531.4,25300,244950,0
19818,92621,-35210,-187200,0
38023,-38696,40440,95343,0
43483,111079,-40857,-425390,0
11518,13864,52727,-43536,0
-12576,15892,70078,42455,0
19572,-51153,86127,-142970,0
-24840,121611,28204,-374180,0
-11497,12954,77010,62627,0
48368,100132,-43239,-432760,0
-1219.6,88068,9456.6,-422670,0
19429,63961,922.48,58102,0
17420,-48090,82142,-206590,0
-15222,108409,27827,-409740,0
-13000,102678,-29530,-586380,0
34246,-1469.3,8034.2,29136,0
25503,-49518,63729,-41596,0
15691,63465,-1828,-240990,0
13087,49228,20013,22024,0
51776,82316,-32511,-156940,0
22290,96325,-31123,-271640,0
56272,100857,-42931,-381420,0
12138,87986,-21672,-74182,0
3798,7098,7572,-44440,0
5415,60319,16825,-46122,0
40524,56802,-19693,2627.9,0
47285,21065,-2830.5,156250,0
34359,6621.6,21041,189220,0
8681.6,102429,-14912,-400820,0
33590,98022,-38209,-371330,0
36702,29942,8514.1,30688,0
13349,61189,4649.7,49826,0
31887,-34143,27742,-20260,0
24527,29653,2002.1,-5647.9,0
39121,29735,9285.2,60558,0
39364,105885,-37250,-431330,0
39414,-32902,31674,108660,0
36922,-39585,43439,135170,0
56810,77950,-26848,-92544,0
7712.4,90862,-12281,-149960,0
35761,97753,-39795,-346380,0
16020,61251,5292.4,47886,0
26682,102160,-34414,-400690,0
20007,18644,26491,47369,0
6421.5,31287,42933,64696,0
43848,-30729,30423,127410,0
7744.5,90552,-24089,-138840,0
9657.4,83930,-13610,-146590,0
30948,87324,-29007,-96682,0
49362,76046,-23429,-85302,0
-19458,112217,19079,-344050,0
57403,-4428.4,3801.5,137630,0
-26989,121984,6766.1,-854820,0
11472,35985,19387,-43406,0
29742,89600,-29024,-103790,0
45707,72094,-32794,-149440,0
1848,65079,20133,-87242,0
8725.6,92931,-7843,-219780,0
3955.9,68866,10588,-67587,0
38384,61851,-20439,-3320.4,0
28209,73108,-8185.7,-187840,0
25817,97546,-31749,-299570,0
38213,2317.5,20133,205640,0
3798,7098,7572,-44440,0
34893,66900,-12042,-38751,0
-17781,8546,71303,2757.2,0
20962,24769,19379,-4096.2,0
9473.2,-5711.3,71903,-67587,0
28261,94007,-33034,-105090,0
71.249,83661,5078.1,-381550,0
9678.8,71907,12798,-245650,0
47432,21086,1368,165430,0
36575,72797,-22692,-114400,0
38832,64023,-24320,-98363,0
34776,88110,-31886,-92285,0
11315,79212,10930,-284440,0
28237,28597,1967.8,57196,0
19321,60423,2601.9,-205300,0
30632,-33315,51305,82670,0
-18411,108306,27690,-309010,0
28084,113045,-33394,-441940,0
25698,-44076,59856,7800.2,0
-1262.4,103216,-37121,-611850,0
33756,-40951,43670,106980,0
-480.08,-16037,84756,75558,0
5706,-248,12421,-56210,0
8844.4,65906,5583.7,-44182,0
38644,37061,7040.3,35214,0
12999,25762,20107,-18967,0
20051,-68638,81320,-24010,0
49294,2772.7,2079.2,33662,0
28297,63485,-7354.6,-58665,0
25650,86330,-29941,-130820,0
20930,83061,228.44,-327240,0
46014,56264,-21235,19309,0
50617,-3579.9,4469.8,99868,0
-2951,90489,-5272.5,-207890,0
35770,24004,18908,73231,0
39433,25017,15215,90300,0
26648,107540,-33994,-416850,0
59374,61664,-25905,-36553,0
20153,18479,31375,42843,0
58782,59409,-28544,-60863,0
-23983,126060,29464,-578880,0
17620,43682,21384,75429,0
42406,-24852,16080,71550,0
34669,68700,-10568,-73147,0
31896,57526,-1853.7,-30087,0
8135.6,91566,-21492,-418140,0
5285.5,9642.7,40243,-104830,0
21319,-20403,25574,-6165.2,0
3311.1,45731,20570,-18967,0
12746,88172,-15323,-179570,0
22091,74556,-13284,-330210,0
25328,75280,-4192.9,-264780,0
36244,14609,13501,192840,0
-13885,125026,6911.8,-754870,0
57227,58312,-24097,-24527,0
33583,103567,-37301,-369910,0
25227,22369,27236,79438,0
453.04,67334,10708,-93320,0
48278,77598,-24491,-122160,0
19476,-47738,85270,-186680,0
27659,6621.6,41494,-28406,0
-1064.8,-7677.1,77575,64179,0
7225.2,-538.11,56703,-135090,0
42475,14816,-4835.5,95343,0
39772,3352.1,22566,216250,0
36667,43020,5592.3,33791,0
28232,108513,-31466,-397840,0
-14217,116542,-576.99,-710250,0
42458,11981,6663.3,94696,0
41038,-48069,33491,-49225,0
14507,87903,-22324,-65259,0
34647,-39172,39746,36119,0
18533,61458,10176,-204010,0
35288,7159.6,19507,193750,0
39719,10367,7597.3,100130,0
35340,93614,-36316,-124610,0
36894,98870,-40788,-436640,0
30672,-44117,38238,-81682,0
26463,-48152,63549,300.3,0
22893,37330,6312,-39786,0
15673,79274,-568.42,-216940,0
40405,5152.4,10279,110600,0
43846,-48794,33662,-2932.4,0
20165,-2524.6,51707,107630,0
40446,111741,-43582,-474010,0
-3372.9,-6497.6,76659,72326,0
-24604,127302,9173.8,-764180,0
41195,109258,-38929,-418020,0
20193,8235.6,46369,142020,0
15701,79129,2901.8,-219530,0
26415,75860,-2856.2,-166770,0
50214,80764,-30515,-171550,0
43435,33295,8359.8,64955,0
18238,-67748,83873,-54139,0
39382,9291,7854.3,67670,0
22517,-51422,42916,-124870,0
55040,103671,-44130,-402110,0
28521,91710,-36461,-120470,0
11676,91566,-20867,-80647,0
26104,80081,-2359.2,-176080,0
3244.4,100670,-11982,-412840,0
38962,-47904,33954,-53751,0
21752,-8091,51022,-67975,0
11588,89331,-20807,-112720,0
47072,82957,-25605,-149050,0
-19667,118052,-4047.2,-787190,0
40552,4014.3,14563,65343,0
23678,-68390,84207,-44829,0
3356.5,68369,6971.8,-55691,0
43398,-53036,38803,-70432,0
15456,85482,4187,-217840,0
14276,83847,-20995,-196770,0
-2780.2,81881,-31338,-252760,0
9361.1,86413,-16351,-130430,0
46352,-30087,26773,121200,0
15268,-55871,86564,-172200,0
9562.6,24728,44578,21636,0
-27914,17734,67756,-39915,0
52032,35116,-12538,101290,0
31836,72321,-10713,-259090,0
6549.7,51815,10673,-42113,0
56084,103009,-48003,-435340,0
11050,74432,4109.9,-303320,0
39292,-29156,22129,30817,0
11558,64003,15506,69610,0
25581,26218,18513,40257,0
27831,109796,-35570,-440390,0
37635,27811,6611.9,34179,0
-26479,101374,-13310,-547070,0
10652,83682,-14004,-165090,0
-14275,118797,4161.3,-699780,0
57456,101808,-47857,-433660,0
50860,32798,-12701,111890,0
34092,54049,-25228,-89958,0
-2361,93221,21307,-437930,0
38197,89951,-43830,-403270,0
-11391,18127,69144,70127,0
49249,6890.6,7734.4,120950,0
25089,68410,-294.23,44912,0
-2062,92207,-37044,-681030,0
39460,68514,-15443,-55820,0
-2780,81881,-31338,-252760,0
18592,32074,-1596.6,-26208,0
5695.3,76294,15754,-322330,0
34626,-44490,35427,15429,0
33951,11484,21401,208620,0
50429,-5297.4,5043.9,110600,0
37758,71783,-15195,40128,0
46562,76398,-24243,-123840,0
40948,-29674,23689,75429,0
18384,60630,5472.3,51248,0
20153,4366.1,45864,-31510,0
35251,7201,16928,64438,0
37570,-54236,38255,-125260,0
25989,35178,7623,81119,0
18994,9746.2,42265,81377,0
36941,-39482,42625,115770,0
44295,-23507,17048,90946,0
68248,52187,-25425,54610,0
18967,-25163,28093,-79742,0
21526,-61665,80831,-34355,0
33004,70811,-13258,22283,0
27213,70500,-5880.8,41809,0
38846,-30336,25334,20214,0
41665,-4449,2344.8,27843,0
9422.5,58561,18762,-32544,0
51321,-310.48,3261.6,111510,0
3825.1,68121,18128,-61251,0
30333,-25928,23183,30300,0
29233,60464,-1116.8,-58665,0
11620,102926,-12821,-403920,0
37791,25762,13098,56550,0
7776.5,59781,11941,-35260,0
-3838.8,-10471,80514,49567,0
2108.4,94359,-945.43,-185900,0
29571,-45938,59068,57196,0
46439,-33729,25976,55257,0
33577,-43062,60241,18274,0
35127,29073,10579,40774,0
26562,107044,-33085,-407670,0
-13612,106940,17022,-290260,0
-2780,81881,-31338,-252760,0
10400,-69321,82888,-129910,0
21881,27356,13278,-18320,0
42756,-26528,21375,94437,0
-1199.6,68741,9199.5,-66940,0
29736,87944,-36359,-137540,0
37798,-33109,26491,6636.5,0
53586,37557,-17345,107890,0
18373,61292,8402.7,55257,0
12262,8959.9,57568,-11596,0
-480.08,-5607.8,77215,45300,0
5706,-248.41,12421,-56208,0
43634,4635.1,14281,202020,0
34820,-41634,35008,-7846.2,0
5194.7,-32633,30895,-98492,0
23164,-26280,31529,-8622,0
-18348,110334,31863,-488880,0
13754,88793,-19136,-53751,0
-1668.2,58974,4983.9,-70044,0
2996.1,71328,-3147.5,-118280,0
2503.5,93262,-36873,-625430,0
24673,13926,17125,41421,0
7780.5,66424,-11425,-105730,0
34465,29508,10271,54610,0
22429,-41427,52333,-40173,0
37321,-38840,33577,-604.86,0
43365,-35840,36884,74912,0
-20759,108223,26439,-483700,0
40715,76398,-20824,-116980,0
7616.3,58209,11959,-64613,0
-5396.6,73273,4658.3,-145430,0
26213,57919,656.86,-157590,0
30242,-33378,25865,-54785,0
58519,53905,-24037,-6165.2,0
5706,-248,12421,-56210,0
39771,111513,-39272,-434440,0
15478,91814,-16326,-173750,0
7405.4,3662.5,21992,48403,0
4957.1,102243,-10970,-401590,0
16450,78612,-8759.8,-355690,0
36077,68576,-11622,28231,0
32403,-37082,52804,41291,0
39166,102491,-40926,-446590,0
39262,60299,-20156,-6553.1,0
55910,104643,-43839,-433790,0
37522,-36978,39943,130510,0
13114,45462,22935,22541,0
37022,69942,-18511,-12889,0
43640,-31039,23757,78532,0
35829,14423,10219,140080,0
46500,-48297,34553,-25174,0
51731,39606,-19830,40774,0
32692,34184,2070.6,-6682.4,0
24012,16223,30312,71679,0
17257,-44697,82219,-180730,0
47965,69859,-19967,-35001,0
40962,101891,-39323,-418270,0
25559,33605,20321,26809,0
34916,85709,-30326,-59182,0
5195,-32633,30895,-98490,0
29856,72673,-4090,-224310,0
40932,54132,-18219,23576,0
17748,-7697.8,55854,130390,0
52012,3269.4,1796.5,117970,0
-4506.2,-13678,70858,-40303,0
48451,81116,-29512,-147240,0
7484.1,72756,11504,-53880,0
51213,85565,-33917,-154740,0
36181,-37454,28273,-71208,0
404.98,85234,14461,-393060,0
-26479,101374,-13310,-547070,0
3798.4,7097.5,7571.6,-44441,0
-9592.3,910.39,62204,-148280,0
28672,100008,-32049,-310950,0
10182,91090,-6206.4,-171290,0
-27143,114535,21092,-396290,0
38244,-31081,24537,52024,0
27961,21210,18385,38317,0
35358,67086,-8185.7,47886,0
-7056,87241,22215,-459650,0
41542,72756,-24766,-120990,0
9270.3,94318,-6626.3,-167280,0
18216,-64748,80514,-41855,0
-24473,126247,7357.3,-766120,0
35862,-30957,28093,24481,0
6619.1,96594,-2881.9,-166380,0
47926,17071,-517.01,149260,0
49852,83516,-25425,-128230,0
7573.6,30294,29164,-6811.7,0
46499,76336,-19427,-37458,0
-235.79,71742,7845.7,-75734,0
8557.4,82.678,66042,-53104,0
8829.8,6600.9,60096,-43277,0
40422,-43910,47466,113700,0
22546,80992,-2487.7,-326980,0
3847.8,65989,-3336,-56466,0
31541,-51711,65991,57455,0
23969,2358.9,48477,143700,0
47114,20755,-2702,123790,0
40127,101477,-39366,-407280,0
26606,31681,19619,18662,0
39310,18541,-234.25,123140,0
172.7,86930,13989,-396680,0
32414,4097.1,14015,119520,0
22504,35757,3527.3,28360,0
-13971,33191,-13927,-199480,1
3901.2,-1427.9,-319.94,35084,1
-16677,-71535,78929,96765,1
-38483,-128047,156824,-128100,1
-35681,-82130,100830,96765,1
-22804,-3062.6,13347,137630,1
-17582,27397,-25323,-223400,1
-8940.9,31991,-18219,-294520,1
3434,1241.5,-2873.3,14654,1
-9854,-66610,58245,54610,1
-24115,-91359,93444,-65259,1
-15252,-62534,53524,59912,1
-6144.2,-910.58,-3181.8,50214,1
-3650.6,28928,-36461,-306030,1
-59034,65679,6766.1,-667970,1
-18215,27521,-7226.1,-235300,1
-7746.1,-18768,24023,113190,1
-18187,-90366,90162,-12243,1
-35801,-129309,131779,-256770,1
-18219,-68824,54681,5731.3,1
-3481,-3869.6,-4784.1,62627,1
4736.8,33605,-45064,-404310,1
-34083,48587,-7688.8,-486680,1
-16662,-3000.5,14238,2498.6,1
-20962,-71059,66188,-33708,1
-26685,-104519,91139,-173230,1
-4746.5,-43496,19901,75170,1
10552,11857,-26411,11033,1
11644,38095,-49408,-409090,1
-44779,73708,-3121.8,-677540,1
-27338,4552.3,24391,21766,1
-22860,-54484,58039,88231,1
-16244,-63444,46575,16981,1
5081.3,4779.9,-19804,57714,1
16408,42503,-49023,-266210,1
8158.3,48400,-52613,-608230,1
-54901,91048,-3875.8,-597630,1
-32238,27935,3227.4,-86078,1
-20631,-15147,12190,44524,1
-9131.8,-20113,-1956.5,6636.5,1
6005,19327,-32888,-32415,1
9131.5,33377,-40557,-167410,1
-2801.5,30729,-33857,-291550,1
-36085,33253,-5195.4,-357370,1
-62003,86806,91.344,-370300,1
-42932,33419,7725.8,-99785,1
-30265,-620.88,6860.4,-5518.6,1
-17015,-103.56,-9933.7,-53104,1
-6432.6,24748,-29452,-102760,1
-8633.9,19348,-23729,-108970,1
-20659,10512,-4629.8,-109740,1
-21333,15685,-842.61,-174530,1
-12568,-14733,28718,44653,1
-31128,-68410,107402,-101720,1
-48554,-59037,109818,-82199,1
-25880,38654,-3336,-127970,1
2439.4,14733,-14192,-58535,1
-15322,-50966,66779,17498,1
-40025,-134979,176772,-332020,1
-40173,-83123,124547,-143750,1
-30731,-5318.1,23877,77627,1
-19790,32301,-13575,-258190,1
-4294,-1469.3,442.65,-15605,1
-22340,-70314,74936,61334,1
-42110,-124736,149704,-138840,1
-38073,-80971,101772,65084,1
-25912,-1055.4,12798,104140,1
-22482,30915,-23969,-267110,1
-14427,32922,-19702,-343920,1
-3941.6,-207.02,-662.67,-44699,1
-15220,-66383,57491,-10691,1
-28267,-90407,90694,-98233,1
-17263,-60237,52419,29524,1
-9425.5,393.07,-2419.2,31593,1
-8956.9,30025,-36067,-344570,1
-62815,66651,5258.1,-701070,1
-23211,31660,-10002,-271510,1
-13414,-20776,28093,60688,1
-22580,-93263,93727,-85949,1
-38858,-128461,127957,-313530,1
-18969,-67893,52761,-32544,1
-5264.5,-2483.2,-4561.3,41938,1
96.613,35612,-44070,-441030,1
-38826,48980,-9231.1,-508010,1
-21405,-1676.2,13210,-20906,1
-24824,-73046,68390,-59053,1
-29098,-100712,84156,-199480,1
-6097.5,-40020,18471,60170,1
8362.5,11071,-24706,-6294.5,1
6073.1,39544,-47720,-448530,1
-48861,70542,-1725.2,-695900,1
-31366,4221.2,26225,-6423.8,1
-25754,-56574,61030,65214,1
-18782,-65865,48486,-2156.6,1
2426.1,5731.8,-19402,44007,1
12960,42855,-48457,-290130,1
2594.3,50097,-50394,-638620,1
-58730,91752,-2744.8,-604220,1
-34605,26901,1616.5,-102240,1
-23797,-14402,11273,16076,1
-12424,-17175,-5255.3,-21036,1
2021.6,19182,-32828,-61768,1
5982.3,35012,-39795,-178410,1
-7799.5,32322,-32820,-310040,1
-41409,34619,-4784.1,-388790,1
-65084,87696,2319.1,-393700,1
-44996,34288,5626.5,-116720,1
-33125,1013.9,5532.3,-29570,1
-19423,3766,-12898,-82458,1
-7579.3,25349,-30464,-126290,1
-9540.3,19824,-23163,-119570,1
-22173,14671,-7268.9,-117240,1
-27990,19679,-4235.7,-211250,1
-18629,-8484.1,25377,9739.9,1
-35916,-62285,102389,-115430,1
-51216,-53118,103846,-106120,1
-32854,40372,-4535.6,-182280,1
-5687.7,14174,-14252,-112460,1
-23518,-48359,66479,-6035.8,1
-44861,-132889,173087,-321940,1
-43876,-77267,119655,-145430,1
-33604,-3269.6,21324,60170,1
-10112,29984,-11664,-161850,1
302.19,-10512,14024,77369,1
-16514,-84985,91122,123790,1
-32692,-127406,155573,-14182,1
-25701,-68452,89999,213530,1
-13066,2524.4,7623,177580,1
-16637,32881,-22701,-222240,1
-5500.8,28659,-16488,-243190,1
2143.1,-6952.9,8771.1,29653,1
-7728.8,-74473,64920,36119,1
-18391,-90883,92416,-10432,1
-6329.8,-51277,45624,147970,1
40.545,6290.5,-6412.1,75817,1
-2869.6,31784,-35767,-318960,1
-52406,66258,-1990.8,-686070,1
-14446,21438,-4724.1,-166770,1
-6576.7,-28018,37115,99739,1
-15449,-101498,96152,-123320,1
-28957,-120205,119149,-275520,1
-8147.9,-57381,43919,32110,1
5022.5,6538.8,-11793,39998,1
7452.1,36357,-44044,-414140,1
-29146,40537,-4569.9,-403270,1
-13907,-13781,23055,-2156.6,1
-17860,-81157,70858,-121120,1
-17322,-92828,77190,-171680,1
5529.8,-34619,17048,110080,1
20310,18520,-30121,300.3,1
12279,40309,-46435,-391250,1
-42249,62699,1582.2,-554570,1
-25346,-7739.2,33602,171,1
-17490,-63320,60987,14266,1
-5390,-51670,34399,5214.1,1
15631,8959.9,-19702,65472,1
23917,45565,-49888,-289870,1
8951.2,47738,-48431,-559090,1
-54808,81819,2781.8,-503230,1
-28833,17713,6894.6,-46380,1
-14174,-22535,15180,61981,1
4283,-9498.1,-10731,32110,1
15904,22121,-31183,-11725,1
17425,36833,-40129,-172070,1
-2335.6,32405,-30669,-277840,1
-36227,39958,-3584.5,-390470,1
-61536,79295,6166.3,-326460,1
-39172,26652,7888.6,-78190,1
-22214,-2379.8,5600.8,5602,1
-4924.1,8939.2,-16283,-56854,1
2651.7,24066,-28416,-59958,1
-1023.4,18189,-22169,-56725,1
-16176,10926,-3550.2,-59958,1
-18448,12540,2721.8,-107280,1
-12786,-24087,45735,47627,1
-29020,-76563,118318,-84268,1
-43773,-55167,109390,-40820,1
-20529,38385,-7954.4,-121380,1
1886.8,7014.8,-5118.2,558.92,1
-17279,-68410,89494,68058,1
-33793,-137731,179274,-203230,1
-31273,-71121,113897,-8363.4,1
-21210,-558.8,19490,135300,1
-17697,34329,-12144,-237890,1
-12.852,1386.3,-1965.1,817.54,1
-16820,-68121,71398,133230,1
-34917,-121736,143689,-61639,1
-31158,-86289,104403,97153,1
-20891,-4842.2,17040,174350,1
-16936,27852,-21835,-192760,1
-12846,32715,-17671,-326080,1
-921.94,3931.5,-3284.6,-13794,1
-10292,-63879,55255,79955,1
-22083,-91069,89991,-28406,1
-10744,-63113,53550,80472,1
-5100.3,-2359.1,202.73,76334,1
-3637.2,30439,-34816,-278360,1
-63979,64479,10836,-661760,1
-22501,33129,-8836.9,-289740,1
-11859,-12519,22635,77239,1
-18076,-88131,87086,-21682,1
-33863,-129889,130545,-272020,1
-14106,-71080,56454,31335,1
-2139.4,-6828.7,965.32,119650,1
4879.7,35674,-43882,-381160,1
-38167,51401,-6506.3,-543060,1
-19555,2069.2,12473,-37070,1
-21786,-64479,60344,-20777,1
-23299,-99532,84756,-187330,1
31.201,-40061,17956,91722,1
13518,10595,-23437,39998,1
12309,38923,-48277,-400690,1
-50301,75032,-1339.6,-750340,1
-30799,6083.6,27039,-23751,1
-22987,-52270,56300,91722,1
-12390,-65410,48151,-3320.4,1
7589.6,2917.6,-16506,83834,1
16799,42068,-45398,-239310,1
6365.5,52022,-52159,-612110,1
-60598,92952,-4364.2,-636940,1
-35180,28763,1548,-120860,1
-20336,-14092,11582,36507,1
-6974.5,-17672,-3447.4,-12372,1
7510.8,19161,-31098,-20518,1
8454.6,34826,-36307,-139610,1
-5564.8,32136,-33085,-279650,1
-36817,32239,-6934.7,-340040,1
-67526,88172,-619.83,-372500,1
-45770,34515,6671.9,-94742,1
-29883,3124.5,4504.1,6895.1,1
-14781,1427.7,-11622,-48579,1
-4665.1,23383,-29812,-104310,1
-8734,16533,-21964,-78061,1
-21234,11815,-5555.2,-81165,1
-23142,20838,-4681.3,-167670,1
-14233,-9891.2,23586,39481,1
-30866,-66362,105405,-89182,1
-47331,-61789,113880,-107410,1
-28829,38964,-1888,-116720,1
-361.27,15250,-14089,-76121,1
-17104,-47780,62109,39740,1
-38203,-130551,169583,-230520,1
-37181,-85089,123630,-95518,1
-28990,-6042.4,26045,137760,1
-9819.3,27956,-12341,-156680,1
-1729.6,-11816,13818,73360,1
-19409,-86848,91550,94049,1
-35713,-124922,148881,-47027,1
-29915,-66258,86521,181980,1
-18483,3103.8,7734.4,141890,1
-22677,32964,-22563,-246420,1
-5081.6,28680,-18108,-226120,1
1432.9,-10885,10039,48791,1
-9078.4,-79026,67807,34179,1
-20042,-93676,93333,-10303,1
-9358.7,-51008,45367,138660,1
-4080.4,5421.4,-5272.5,65860,1
-8172,33812,-36684,-345600,1
-48392,66755,-2427.8,-657750,1
-12792,21376,-4758.4,-139740,1
-6600.8,-32260,38058,118360,1
-17713,-107665,102184,-100430,1
-30061,-122377,119552,-216030,1
-11022,-58395,45641,68705,1
1180.6,3910.8,-9822.3,42843,1
1168.6,37350,-44379,-437410,1
-27264,39213,-4921.2,-363710,1
-12369,-16906,25180,51636,1
-18439,-86475,76796,-66682,1
-18554,-96035,77764,-97716,1
1635.8,-33584,13749,135690,1
15077,19596,-30584,-12243,1
6788.6,41199,-45690,-414140,1
-39934,58333,5472.3,-493790,1
-23898,-7842.7,30141,76205,1
-17976,-67686,66753,89912,1
-7086.7,-55602,40483,90300,1
10194,11029,-23000,59395,1
17875,47800,-51362,-323620,1
2733.1,48773,-49194,-581980,1
-51661,80433,442.65,-449830,1
-27028,16327,8359.8,-9139.3,1
-14904,-22183,16054,89394,1
-149.02,-10243,-9402.4,64955,1
8899.2,22638,-31046,-11855,1
10637,36957,-41594,-193790,1
-8471,31329,-30112,-293880,1
-39594,40289,-3584.5,-389570,1
-58818,76584,5558,-291550,1
-37747,25162,8334.1,-30993,1
-24198,-2441.8,7014.6,41809,1
-8353.5,8049.4,-16411,-19225,1
-3043.2,26528,-27756,-65647,1
-6025.4,17237,-21501,-77027,1
-21059,11815,-5332.4,-82716,1
-20441,12271,1856.4,-109100,1
-15621,-22121,42591,27972,1
-32305,-72135,116433,-94613,1
-48426,-49932,104052,-53104,1
-23147,36668,-6969,-124740,1
-1171.6,6042.2,-3858.7,-5906.5,1
-20066,-67190,90162,9998.5,1
-36961,-136779,175795,-261810,1
-36012,-65389,105234,-48967,1
-26286,1800.2,17956,97282,1
-8260.1,29611,-12864,-146470,1
3180.3,-9932.6,10947,88619,1
-14454,-84385,88483,96894,1
-31423,-130365,156773,-66165,1
-25373,-69590,88054,152890,1
-13660,1841.6,9053.9,158060,1
-17064,33088,-22829,-219780,1
-4196.5,29094,-17859,-220690,1
3763.7,-8235.8,7854.3,74524,1
-5535.5,-79233,67156,74394,1
-16001,-95828,94044,8188.2,1
-3701.3,-55540,47749,154700,1
1212.6,2234.7,-4732.7,97024,1
-2706.8,32674,-35562,-308880,1
-51190,66486,-499.87,-652060,1
-13946,23134,-4449.9,-149050,1
-6987.9,-33771,41211,150430,1
-14800,-105244,99176,-50260,1
-26649,-128130,126689,-190820,1
-6268.4,-63010,47843,110600,1
5180,2586.5,-8408.5,96118,1
6437.6,37640,-44738,-404830,1
-29821,41986,-5898,-396420,1
-14628,-15706,24357,49826,1
-17101,-87903,79735,-45475,1
-15572,-98808,81088,-108060,1
7442.8,-37723,16131,157540,1
20177,17982,-29581,20990,1
11640,39130,-45544,-386720,1
-43667,60692,5720.8,-546680,1
-25919,-10553,38949,77757,1
-18046,-68141,67019,116810,1
-7186.8,-57154,38298,102330,1
14378,6683.7,-20267,102710,1
21943,45503,-49760,-272540,1
7376,48525,-47986,-566590,1
-56370,81261,1308.1,-501420,1
-30193,17775,7374.5,-45346,1
-16706,-20900,15840,71162,1
-1269,-11505,-9513.8,57843,1
12198,20982,-31954,12843,1
14501,36067,-40557,-159660,1
-4085.7,30977,-29607,-268920,1
-38952,38157,-3130.4,-381940,1
-63679,80102,4247,-322070,1
-41429,27749,6826.1,-71984,1
-26864,-972.65,6166.3,6119.2,1
-10555,7945.9,-16968,-46768,1
-2985.8,24769,-29512,-66165,1
-4994.8,17734,-22469,-68104,1
-19881,9994.5,-2856.2,-70044,1
-19389,15706,459.79,-112200,1
-14375,-18624,40260,55127,1
-31875,-75756,118678,-57889,1
-46765,-56636,109690,-33449,1
-20285,38468,-6343.5,-117500,1
2663.7,7325.2,-6789.1,3533,1
-17589,-64624,84773,31981,1
-35985,-136593,176052,-249270,1
-33582,-72404,114419,-57113,1
-23629,-1055.4,19336,113580,1
-21802,33791,-12256,-266210,1
-4095.1,-1552.1,605.45,-8880.7,1
-22918,-72570,79597,92110,1
-40214,-128006,156199,-95647,1
-33884,-82150,103315,98187,1
-20046,-4945.7,13330,165430,1
-17063,27956,-23780,-234910,1
-16386,33584,-17302,-356460,1
-4164.5,3248.7,-3361.7,-36036,1
-15877,-66072,58022,31593,1
-25961,-93490,97942,-28018,1
-15228,-64789,57568,87325,1
-5307.2,-972.65,-2179.3,104260,1
-4908.1,28452,-36436,-310040,1
-65773,68017,8548.3,-753440,1
-24621,27645,-6257.8,-285730,1
-13995,-19162,25154,59912,1
-23221,-93304,92330,-79871,1
-37300,-129723,129817,-268400,1
-16988,-71163,57902,16723,1
-2665.4,-6456.2,-4201.4,89136,1
3332.5,33108,-45081,-401200,1
-42091,47283,-4912.6,-521590,1
-23142,-6849.4,19833,-44829,1
-24835,-74494,68964,-64484,1
-27611,-105099,90239,-195470,1
-3602.5,-44490,21067,94308,1
10117,9022,-23506,42714,1
9670.8,38426,-49314,-413230,1
-52049,72590,708.27,-730040,1
-33203,-269.1,29618,-44958,1
-25650,-57899,60122,4696.8,1
-15951,-65720,47689,-94354,1
7049,1717.4,-17859,36119,1
17331,39544,-47412,-250170,1
6818,48504,-52133,-610430,1
-63364,92848,142.75,-678440,1
-38053,24273,6809,-108710,1
-21979,-21252,17151,45171,1
-8787.4,-22121,-517.01,9998.5,1
7406.7,17299,-31963,-14570,1
9829.6,34226,-39692,-171160,1
-3489,31929,-34054,-318320,1
-38552,35219,-3841.5,-386080,1
-69599,89931,2182,-457200,1
-47462,31205,10750,-129660,1
-32051,-1427.9,9756.5,4567.5,1
-17549,-807.11,-7577.4,-37070,1
-5958.7,24811,-28673,-89828,1
-8954.2,20279,-23652,-127460,1
-20754,12767,-6420.6,-126420,1
-32778,18023,1805,-239310,1
-22183,-12540,29986,36378,1
-35895,-65720,105251,-16381,1
-50477,-58023,112440,-39010,1
-35741,39440,-791.2,-212030,1
-7351,17361,-14938,-115820,1
-22617,-47428,63489,11162,1
-42440,-130634,171116,-280170,1
-40218,-83040,125550,-150990,1
-30201,-6725.3,27056,85774,1
-24941,35447,-13721,-284830,1
-8312.1,393.07,536.9,-23105,1
-25665,-68824,75416,70774,1
-44018,-129371,156559,-168060,1
-37573,-82916,103032,38059,1
-24725,-4014.5,14855,111890,1
-19725,28825,-23086,-237240,1
-20149,36874,-19385,-389180,1
-8205.3,6518.1,-4886.9,-52716,1
-17886,-63486,56154,42584,1
-29138,-94711,97668,-60216,1
-18343,-65907,56429,54998,1
-8734,-331.18,-2016.5,55774,1
-7034.6,29570,-35947,-314570,1
-67387,69879,6783.3,-758870,1
-27723,32777,-9351,-314570,1
-16641,-13678,19970,52283,1
-24349,-92497,89922,-50001,1
-37930,-127095,127957,-282500,1
-19551,-69756,55383,-12889,1
-6907.8,-5007.7,-3541.7,47498,1
250.13,33998,-44327,-426550,1
-43967,49601,-6489.2,-547190,1
-24560,-2441.8,14041,-45863,1
-26200,-68555,62169,-62285,1
-29662,-103257,87840,-211380,1
-7149.4,-44448,22241,49826,1
6005,9994.5,-22126,9739.9,1
6165.2,38944,-47275,-439480,1
-54414,72363,1093.8,-756420,1
-35798,4593.7,23457,-45734,1
-27769,-56967,59179,37671,1
-18356,-67562,50585,-55044,1
3008.1,1738.1,-17542,48921,1
13403,41323,-47018,-259870,1
2687.7,49870,-51508,-639130,1
-65235,96014,-2539.2,-696420,1
-40679,24955,7957.1,-110390,1
-25640,-17051,15026,32757,1
-13414,-19162,-1553.8,-11984,1
2387.4,20879,-33522,-66553,1
6212,36771,-40771,-207110,1
-7784.8,34019,-34859,-355690,1
-41244,37909,-6532,-418020,1
-70421,92000,2593.3,-468320,1
-49462,35716,8274.2,-149570,1
-35359,3041.7,6569,-29570,1
-20662,1696.7,-10054,-82975,1
-8872.8,28080,-31432,-120350,1
-10941,23072,-25237,-144530,1
-24458,16285,-8854.1,-148020,1
-35510,18955,1865,-244090,1
-22811,-8566.9,27185,4438.2,1
-36053,-59740,100916,-82846,1
-50676,-51877,104266,-86725,1
-39204,40723,-2367.8,-211510,1
-11306,18458,-13575,-138060,1
-24561,-45566,64534,-5647.9,1
-44775,-130303,170834,-303450,1
-41958,-81819,121291,-160170,1
-33800,-7077,25325,71808,1
-24365,36026,-14166,-289480,1
-7768.8,1303.6,-311.37,-35389,1
-27083,-68266,75339,59007,1
-45531,-125854,154417,-149830,1
-38894,-78322,98208,47498,1
-25084,-2276.3,14880,120690,1
-21652,30211,-24132,-242410,1
-18974,35074,-17842,-384910,1
-6204.3,5587,-3858.7,-66423,1
-18387,-63010,56506,19567,1
-30000,-91566,95766,-73018,1
-19116,-61603,56060,48533,1
-10050,848.31,-2462,45688,1
-8783.4,32570,-36778,-329440,1
-66510,67934,6860.4,-758870,1
-25463,31101,-8322.8,-303580,1
-14377,-14320,21144,42067,1
-24554,-90407,88620,-86983,1
-39411,-128792,130597,-331250,1
-21241,-68969,55992,-47156,1
-7432.4,-3290.2,-4278.5,23317,1
-715.03,37412,-45415,-425260,1
-42333,49166,-4921.2,-532070,1
-23675,-4366.3,16920,-43018,1
-25526,-73625,69255,-66811,1
-30986,-104602,89717,-234270,1
-8980.9,-44862,22009,50731,1
5623.2,10015,-22726,-604.86,1
5393.6,38944,-48166,-434180,1
-53012,73915,296.99,-739870,1
-33553,3559.1,26473,-37846,1
-27908,-57133,59530,45946,1
-19983,-66072,48254,-41984,1
1542.3,1179.4,-16823,59524,1
12080,40744,-47635,-261290,1
2952,48856,-51490,-623230,1
-64247,95311,228.44,-685170,1
-39933,26218,6286.3,-115950,1
-26590,-16058,13647,16464,1
-14094,-21252,-1039.7,-19225,1
1103.2,19741,-33668,-65259,1
5237.4,36440,-40746,-199090,1
-7679.4,34598,-34405,-342760,1
-39698,36812,-6000.8,-401330,1
-70364,92931,1659.4,-453960,1
-49447,33005,10630,-144400,1
-35933,2296.8,7126,-33320,1
-21674,1241.5,-10465,-86208,1
-9607,26963,-31226,-131210,1
-10802,21996,-25862,-127590,1
-23277,14381,-8211.4,-128620,1
-37244,19037,-354.21,-250950,1
-25724,-9560.2,27073,-16639,1
-39297,-60816,100958,-101470,1
-52943,-51463,103332,-111810,1
-38953,40392,-3019,-218360,1
-12244,17485,-14801,-141810,1
-26406,-44159,59830,-13924,1
-46338,-127509,167166,-321680,1
-42887,-78633,118387,-189780,1
-33458,-5049.1,26328,53705,1
-11188,33357,-13455,-195730,1
5593.9,-3104,1830.7,44653,1
-15078,-73191,78981,122890,1
-35060,-125667,151606,-75216,1
-29498,-82730,102646,116290,1
-16029,-3890.3,16200,191030,1
-12667,28183,-24260,-188620,1
-4928.1,30605,-18356,-283400,1
6636.5,-455.33,-1879.4,23447,1
-7206.8,-67583,58408,62369,1
-19966,-95001,96820,-12889,1
-9732.5,-64168,56026,103230,1
-253.14,-1738.3,-1133.9,121980,1
625.25,29301,-35467,-267370,1
-55250,63258,8976.8,-662410,1
-12943,26735,-8408.5,-203230,1
-2403.7,-17837,21350,124180,1
-13968,-96698,94652,-34872,1
-29672,-132869,134727,-262710,1
-11005,-72508,60139,36895,1
2243.2,-5214.7,-4038.6,120170,1
9040.7,33708,-44987,-369650,1
-28619,45193,-5812.3,-426290,1
-10833,-3124.7,12815,41291,1
-15681,-72446,65537,-12760,1
-20545,-108679,94926,-141160,1
2346,-45152,21195,144480,1
15810,8690.9,-23138,82412,1
15514,38013,-49143,-374830,1
-41479,71225,-834.04,-641720,1
-22625,-993.35,28127,48662,1
-17479,-58230,58699,121200,1
-9592.3,-67128,49857,32886,1
13451,2358.9,-18785,132580,1
22279,40951,-48037,-211120,1
12572,48731,-52861,-587410,1
-53857,91214,-4192.9,-591810,1
-29786,23445,5266.7,-40173,1
-15851,-21562,17082,90170,1
-2188.8,-22038,-954,56421,1
13183,19017,-33111,6507.1,1
14896,34288,-40309,-142590,1
1159.2,32219,-34302,-284570,1
-33924,33564,-7200.4,-352330,1
-61632,87096,-2162.1,-363450,1
-40786,29239,8702.6,-65389,1
-25899,-3911,9345.2,42972,1
-10116,-1903.8,-9059.7,300.3,1
661.29,24914,-29401,-62156,1
-2474.5,19368,-24697,-80518,1
-15732,10636,-7123.2,-83880,1
-21668,15933,451.22,-167800,1
-11667,-14237,29241,66119,1
-28391,-66300,104849,-42113,1
-45046,-58126,108867,-52846,1
-24100,37433,-4021.5,-129530,1
4061.4,13492,-14501,-55949,1
-13887,-48773,64774,34179,1
-37503,-134586,175932,-277710,1
-35637,-83827,123930,-128230,1
-25419,-6580.4,26842,119520,1