V1,V2,V3,V4,V5,V6,V7,V8,Class
58,61,47,13,50,0,48,22,9
43,67,48,27,50,0,53,22,9
64,62,49,15,50,0,53,22,9
58,44,57,13,50,0,54,22,10
42,44,48,54,50,0,48,22,9
51,40,56,17,50,50,49,22,1
50,54,48,65,50,0,53,22,9
48,45,59,20,50,0,58,34,10
55,50,66,36,50,0,49,22,9
40,39,60,15,50,0,58,30,1
43,39,54,21,50,0,53,27,10
42,37,59,20,50,0,52,29,10
40,42,57,35,50,0,53,25,1
60,40,52,46,50,0,53,22,9
66,55,45,19,50,0,46,22,9
46,44,52,11,50,0,50,22,1
47,39,50,11,50,0,49,40,1
58,47,54,11,50,0,51,26,10
50,34,55,21,50,0,49,22,10
61,60,55,21,50,0,50,25,10
45,40,50,16,50,0,50,22,1
43,44,48,22,50,0,51,22,1
73,63,42,30,50,0,49,22,1
43,53,52,13,50,0,55,22,1
46,53,52,15,50,0,58,22,1
51,51,52,51,50,0,54,22,9
59,45,53,19,50,0,59,27,1
57,47,60,18,50,0,51,22,1
63,67,57,24,50,0,49,22,9
80,88,36,39,50,0,56,33,6
53,54,43,10,50,0,57,32,10
51,51,43,87,50,0,52,22,9
38,61,61,12,50,0,53,47,1
33,55,51,43,50,0,51,22,10
78,74,42,26,50,0,43,22,6
74,67,47,34,50,0,42,22,5
72,61,45,30,50,0,54,25,9
40,45,57,18,50,0,56,26,1
59,53,43,44,50,0,50,22,9
57,53,53,34,50,0,53,22,9
86,68,39,24,50,0,54,22,7
86,74,51,40,50,0,55,22,7
79,57,41,28,50,0,59,22,7
41,54,39,20,50,0,51,22,8
37,36,56,18,50,0,48,26,3
53,31,58,39,50,0,47,37,10
74,75,58,47,50,0,40,35,7
49,39,52,29,50,0,48,22,5
74,57,51,28,50,0,58,22,3
42,24,34,16,50,0,50,22,8
48,39,51,21,50,0,52,28,1
41,53,45,14,50,0,52,66,8
45,46,55,43,50,0,55,38,10
56,48,58,27,50,0,51,22,1
64,59,56,23,50,0,46,22,1
64,56,56,22,50,0,45,22,1
66,62,49,10,50,0,49,22,1
53,44,51,33,50,0,55,22,1
38,49,53,19,50,0,50,22,1
45,58,48,67,50,0,52,22,9
43,35,52,52,50,0,54,22,9
37,32,47,18,50,0,45,25,10
48,43,51,32,50,0,52,43,10
41,46,59,19,50,0,58,27,10
54,48,44,8,50,0,52,27,1
60,47,45,22,50,0,51,29,1
34,46,57,9,50,0,55,22,1
48,54,55,12,50,0,51,22,1
47,39,59,15,50,0,57,22,1
81,85,47,37,50,0,56,22,5
48,42,52,24,50,0,56,22,1
58,51,49,27,50,0,57,29,1
60,50,44,61,50,0,47,22,9
45,55,54,66,50,0,47,22,9
46,49,58,23,50,0,44,22,9
49,42,56,55,50,0,42,25,9
63,53,54,40,50,0,50,22,9
50,54,53,54,50,0,51,27,9
63,57,59,40,50,0,38,22,9
43,57,51,49,50,0,48,22,9
48,45,55,50,50,0,53,22,9
50,58,46,46,50,0,46,22,9
51,54,60,57,50,0,58,22,9
54,52,63,37,50,0,46,22,9
67,62,40,43,50,83,50,22,9
28,58,21,13,50,0,51,22,8
39,44,35,16,50,0,55,22,8
80,63,45,29,50,0,51,22,5
50,52,59,30,50,0,51,35,10
42,47,52,41,50,0,53,32,1
36,46,62,46,50,0,51,33,1
46,38,47,22,50,0,52,27,9
40,45,56,20,50,0,45,22,1
33,43,64,16,50,0,52,52,10
49,61,49,25,50,0,50,28,1
38,50,37,26,50,0,43,22,8
69,70,52,36,50,0,46,22,5
61,72,39,33,50,0,58,22,9
78,75,40,28,50,0,53,22,9
64,57,57,27,50,0,37,22,1
36,58,35,24,50,0,44,22,8
36,43,39,12,50,0,49,22,8
47,52,50,40,50,0,41,22,1
48,23,57,27,50,0,48,47,10
47,39,55,24,50,0,47,22,1
44,59,36,16,50,0,52,22,8
42,35,54,18,50,0,56,22,1
30,56,55,18,50,0,50,22,1
65,65,52,16,50,0,60,22,1
27,60,48,23,50,0,55,22,1
45,41,50,46,50,50,50,27,2
44,52,41,23,50,0,51,22,10
30,32,57,19,50,0,48,55,10
40,44,49,47,50,0,49,27,10
45,51,50,16,50,0,52,100,10
45,45,50,60,50,0,49,22,9
59,67,56,41,50,0,47,22,9
47,47,57,48,50,0,48,22,9
35,52,48,22,50,0,26,22,9
47,41,66,26,50,0,53,22,9
64,62,29,28,50,0,51,22,9
55,53,55,46,50,0,52,22,9
67,62,54,43,50,0,53,22,9
59,60,49,43,50,0,53,31,9
54,55,34,31,50,0,54,22,8
58,62,54,17,50,0,48,22,9
40,38,53,16,50,0,52,27,10
46,71,48,53,50,0,53,22,9
53,51,55,5,50,0,45,25,10
41,40,59,47,50,0,48,43,1
50,64,57,15,50,0,47,22,1
40,62,52,31,50,0,49,31,1
60,50,57,25,50,0,41,26,1
62,51,52,42,50,0,54,27,10
35,58,54,16,50,0,51,22,10
34,54,50,21,50,0,54,31,1
39,58,50,26,50,0,54,59,8
48,54,50,17,50,0,53,22,10
29,32,58,15,50,0,50,30,1
47,32,64,30,50,0,63,22,10
39,47,56,16,50,0,47,22,1
58,48,51,47,50,0,55,22,10
64,60,57,19,50,0,43,22,10
37,46,40,27,50,0,45,22,10
43,57,53,16,50,0,54,22,1
28,37,61,9,50,0,52,55,10
59,48,50,14,50,0,45,25,1
39,55,48,31,50,0,54,29,1
26,36,47,34,50,0,53,72,10
51,34,50,19,50,0,50,22,10
58,50,50,12,50,0,48,25,10
44,39,53,14,50,0,54,44,1
41,39,44,34,50,0,48,40,10
45,43,51,24,50,0,54,33,1
36,68,46,16,50,0,53,28,10
42,31,50,15,50,0,53,22,10
42,43,56,10,50,0,49,22,1
67,71,52,65,50,0,53,36,10
49,47,53,16,50,0,48,27,10
71,59,48,43,50,0,59,22,9
40,42,71,21,50,0,54,32,1
40,42,71,21,50,0,54,32,1
54,49,49,20,50,0,52,22,1
42,51,50,12,50,0,52,46,10
57,51,53,18,50,0,56,25,10
35,45,43,11,50,0,56,22,8
42,42,42,20,50,0,49,22,8
26,50,33,28,50,0,51,22,8
39,42,38,40,50,0,49,47,8
26,44,30,11,50,0,51,47,8
31,44,53,23,50,0,51,32,10
48,61,44,20,50,0,47,22,1
66,45,50,23,50,0,49,22,1
21,41,55,11,50,0,50,27,1
38,68,44,45,50,0,53,22,9
44,38,48,32,50,83,53,22,2
31,31,56,33,50,0,52,33,10
49,31,49,35,50,0,51,29,10
38,37,56,21,50,0,49,22,10
39,40,53,67,50,0,47,22,1
24,34,69,18,50,0,52,22,1
49,43,51,13,50,0,47,22,1
54,38,52,18,50,0,48,22,1
43,57,53,53,50,0,53,25,1
48,64,61,23,50,0,60,22,1
31,55,52,17,50,0,52,22,1
32,57,50,15,50,0,53,22,1
32,42,52,24,50,0,60,22,1
59,50,52,28,50,0,55,25,1
37,42,51,11,50,0,57,22,1
75,70,38,27,50,0,49,22,6
61,72,31,33,50,0,56,22,9
44,42,60,21,50,0,57,22,1
52,51,51,54,50,0,55,27,9
63,56,45,58,50,0,51,22,9
52,56,54,53,50,0,45,22,9
58,58,58,49,50,0,49,26,9
72,62,34,29,50,0,56,28,9
72,61,37,30,50,0,57,22,9
46,43,38,33,50,0,48,28,9
57,57,44,37,50,0,52,25,9
42,31,62,12,50,0,40,22,9
49,46,45,45,50,0,52,22,9
42,58,41,65,50,0,46,26,9
59,61,34,22,50,0,51,22,9
52,77,38,34,50,0,51,22,9
50,52,60,51,50,0,48,22,9
49,60,43,56,50,0,36,22,9
50,41,44,50,50,0,42,22,9
50,40,56,70,50,0,50,22,9
37,58,44,51,50,0,44,22,9
55,45,45,54,50,0,50,22,9
67,68,46,29,50,0,46,22,9
53,51,46,28,50,0,48,22,1
35,66,49,21,50,0,54,25,1
52,40,60,12,50,0,55,22,1
77,79,58,23,50,0,48,22,5
47,46,59,49,50,0,56,22,9
73,83,43,30,50,0,55,22,6
78,74,58,25,100,0,53,22,4
70,65,54,28,50,0,60,40,3
47,54,37,14,50,0,50,22,8
56,52,48,17,50,0,46,22,10
57,41,59,24,50,0,40,22,1
56,41,58,21,50,0,42,22,1
58,56,45,12,50,0,51,22,10
53,38,66,25,50,0,43,22,10
34,36,54,11,50,0,36,21,10
69,61,38,27,50,0,52,22,7
37,53,60,19,50,50,42,22,2
41,45,53,17,50,0,51,25,10
31,46,54,52,50,0,50,34,10
36,37,33,14,50,0,57,31,8
82,78,49,23,50,0,46,22,5
82,75,54,23,50,0,46,22,5
41,51,58,15,50,0,45,27,1
38,51,75,17,50,0,55,22,1
38,51,75,17,50,0,55,22,1
53,44,51,33,50,0,52,22,9
46,54,71,15,50,0,59,22,9
40,56,48,14,50,0,47,22,9
53,53,60,13,50,0,49,22,9
42,57,72,22,50,0,57,22,9
45,27,57,36,50,0,52,18,1
20,26,52,14,50,0,53,44,1
51,53,55,14,50,0,51,22,1
44,68,45,51,50,0,52,41,9
27,39,66,11,50,0,44,22,9
55,42,34,30,50,0,52,22,8
34,42,30,23,50,0,53,22,8
44,53,52,23,50,83,51,22,2
59,58,56,21,50,0,54,33,10
39,28,46,12,50,0,41,22,10
56,43,54,16,50,0,50,22,10
36,68,38,8,50,0,53,25,3
27,36,60,33,50,0,37,31,10
35,40,59,22,50,0,47,37,10
42,32,50,21,50,0,51,22,10
23,20,53,20,50,0,44,22,10
55,54,56,22,50,0,50,37,10
36,24,49,16,50,0,51,22,10
38,48,59,22,50,0,46,22,1
80,46,50,15,50,0,53,22,1
60,56,47,20,50,0,50,38,10
41,24,54,26,50,0,41,22,10
47,65,54,62,50,0,53,36,9
43,39,54,14,50,0,47,22,10
50,51,52,9,50,0,48,25,10
53,61,52,21,50,0,55,30,10
54,42,41,16,50,0,52,22,7
46,35,53,16,50,0,51,29,1
46,43,49,79,50,0,49,63,10
51,55,35,16,50,0,51,47,8
56,52,55,19,50,0,54,22,1
61,30,59,12,50,0,49,27,10
37,53,46,23,50,0,47,22,10
83,58,33,4,50,0,53,22,7
39,45,53,18,50,0,54,22,1
52,54,50,21,50,0,48,30,1
35,39,57,11,50,0,48,22,10
36,49,30,22,50,0,52,31,8
78,70,32,23,50,0,53,22,6
55,46,53,11,50,0,52,48,1
45,56,54,32,50,0,57,22,1
45,56,53,32,50,0,57,22,1
29,43,40,15,50,0,53,22,8
52,75,37,14,50,0,46,22,8
71,56,39,27,50,0,52,22,7
58,60,43,12,50,0,55,22,8
54,65,49,34,50,0,52,22,1
57,59,44,16,50,0,52,22,7
59,58,46,19,50,0,56,27,1
92,61,40,22,50,0,54,22,7
55,56,45,14,50,0,54,22,1
63,61,41,22,50,0,51,22,8
58,53,38,18,50,0,52,22,8
36,46,43,19,50,0,48,22,8
32,47,55,12,50,0,52,22,1
34,38,45,19,50,0,51,22,7
62,58,46,13,50,0,53,22,1
53,68,42,19,50,0,53,22,8
73,55,41,16,50,0,46,22,7
55,46,46,31,50,0,58,48,10
35,60,47,13,50,0,52,43,10
77,80,51,40,100,0,54,22,4
77,87,47,37,50,0,48,22,5
35,46,49,15,100,0,55,35,1
43,51,48,14,50,0,50,22,1
57,61,45,26,50,0,50,22,1
63,62,42,12,50,0,52,25,1
25,40,51,18,50,0,50,27,1
56,62,53,24,50,0,57,22,1
58,60,51,24,50,0,53,22,1
71,59,53,15,50,0,49,33,1
46,35,33,17,50,0,55,22,8
54,55,42,22,50,0,48,22,8
39,44,28,12,50,0,46,27,8
33,44,49,8,50,0,48,49,10
81,82,41,36,50,0,39,22,5
69,60,51,13,50,83,52,22,2
46,48,44,21,50,0,55,22,2
35,36,57,17,50,0,52,22,1
74,72,47,25,50,0,57,22,6
54,57,52,19,50,0,59,67,10
42,52,40,17,50,0,50,26,8
91,77,34,47,50,0,52,31,6
81,90,39,41,50,0,53,22,7
45,40,56,14,50,0,54,22,1
47,47,58,16,50,0,49,28,1
41,39,51,52,50,0,49,22,1
37,34,32,22,50,0,56,22,8
69,60,50,31,50,0,55,22,1
35,56,36,30,50,0,53,25,8
84,66,36,78,50,0,49,50,6
51,58,54,29,50,0,53,22,1
37,43,62,27,50,0,48,22,10
55,66,57,32,50,0,57,34,1
48,35,42,21,50,0,57,22,1
62,58,52,15,50,0,52,29,1
56,59,53,16,50,0,24,42,10
44,51,37,15,50,0,51,22,8
44,44,49,15,50,0,46,27,10
50,50,48,17,50,0,47,26,1
60,60,49,30,50,0,53,22,10
49,46,34,21,50,0,55,22,8
35,68,57,40,50,0,53,36,10
70,69,43,33,50,0,58,22,6
23,30,58,22,50,0,48,27,10
45,42,52,20,50,0,50,25,1
51,35,46,15,50,0,51,42,1
42,39,47,13,50,0,50,27,1
32,38,52,20,50,0,52,28,1
59,65,52,30,50,0,46,31,1
41,52,41,11,50,0,54,35,1
37,33,50,12,50,0,51,54,1
45,56,49,17,50,0,52,22,1
56,54,59,14,50,0,52,27,10
31,31,54,18,50,0,52,29,10
27,51,47,35,50,0,49,28,10
54,56,57,18,50,0,45,25,10
17,38,45,9,50,0,54,27,10
43,51,54,15,50,0,45,26,10
60,40,59,18,50,0,48,22,1
91,69,57,45,50,0,56,22,7
38,47,53,12,50,0,48,22,1
59,43,52,19,50,0,55,27,1
64,53,45,13,50,0,53,22,1
49,31,34,13,50,0,52,22,8
52,51,51,12,50,0,51,40,1
49,43,48,15,50,0,55,25,1
49,47,52,16,50,0,53,28,1
48,39,49,18,50,0,51,22,1
44,34,55,18,50,0,52,22,1
43,54,58,16,50,0,50,36,10
49,42,54,17,50,0,50,36,1
34,66,51,16,50,0,47,33,10
20,34,33,10,50,0,48,31,8
74,53,50,8,50,0,55,31,1
69,48,38,15,50,0,55,22,7
30,50,47,11,50,0,46,22,1
44,51,48,38,50,0,52,22,1
31,45,50,17,50,0,49,22,1
55,41,56,21,50,0,52,22,1
40,34,52,17,50,0,47,51,10
40,48,50,17,50,0,54,50,1
58,48,56,10,50,0,46,25,10
58,48,56,12,50,0,46,25,10
58,45,48,24,50,0,52,37,1
58,41,51,26,50,0,51,37,1
41,60,53,29,50,0,47,43,10
69,50,49,42,50,0,49,22,9
38,49,61,13,50,0,54,22,1
60,48,44,52,50,0,54,63,10
47,49,63,17,50,0,31,26,10
28,51,55,11,50,0,46,22,10
56,57,63,39,100,0,59,40,10
21,38,49,16,50,0,51,45,1
46,57,57,15,50,0,52,26,10
43,42,54,22,50,0,57,33,10
57,59,50,58,50,0,53,22,9
48,34,47,14,50,0,47,26,1
35,40,53,18,50,0,42,38,1
47,45,53,62,50,0,46,22,9
53,43,47,15,50,0,58,22,1
46,45,56,16,50,0,56,22,1
44,42,62,14,50,0,55,37,10
37,34,58,24,50,0,44,18,10
37,34,58,24,50,0,44,18,10
39,39,55,52,50,0,37,16,10
39,39,55,52,50,0,37,16,10
48,46,38,29,50,0,53,22,8
48,57,50,9,50,0,52,42,10
61,57,45,21,50,0,50,42,10
56,44,56,19,50,0,54,22,1
51,63,30,35,50,0,53,27,8
53,68,34,42,50,0,54,27,8
37,22,64,35,50,0,47,22,10
51,48,58,22,50,0,50,28,10
49,37,59,17,50,0,51,22,10
51,48,58,22,50,0,50,28,10
53,53,53,17,50,0,49,37,10
29,68,47,26,50,0,47,37,10
50,45,49,15,50,0,55,43,10
33,28,31,24,50,0,53,22,8
85,85,30,31,50,0,55,42,6
43,39,51,28,50,0,40,22,10
61,54,49,16,50,0,54,42,1
34,35,61,19,50,0,52,25,10
55,53,56,29,50,0,48,22,9
66,62,52,17,50,0,49,22,1
44,41,58,20,50,0,57,25,1
37,62,34,25,50,0,51,22,8
45,56,51,64,50,0,54,22,9
38,46,52,75,50,0,50,26,9
61,54,49,19,50,0,54,47,1
44,53,52,37,50,0,50,22,10
44,53,52,37,50,0,50,22,10
32,34,61,17,50,0,52,32,10
34,34,61,18,50,0,52,32,10
51,68,49,59,50,0,54,27,9
41,30,49,28,50,0,54,22,1
41,43,50,28,50,0,50,22,1
30,50,34,26,50,0,51,22,8
49,40,34,26,50,0,50,22,8
34,40,30,23,50,0,51,22,8
43,44,30,18,50,0,51,22,8
43,45,37,12,50,0,48,22,8
45,57,30,17,50,0,51,22,8
45,57,30,17,50,0,51,22,8
42,44,33,17,50,0,54,27,8
52,50,53,10,50,0,48,22,2
53,56,49,46,50,0,52,22,9
45,54,54,62,50,0,53,22,9
51,43,63,18,50,0,52,22,1
51,52,48,50,50,0,51,22,9
55,49,50,46,50,0,52,25,9
50,46,52,16,50,0,52,26,1
50,53,45,44,50,0,49,22,9
45,59,53,74,50,0,47,25,9
57,61,55,67,50,0,48,22,9
54,45,62,13,50,0,52,26,10
67,51,53,28,50,0,51,22,9
35,49,47,22,50,0,50,28,9
47,63,66,45,50,0,37,11,9
51,34,43,18,50,0,48,25,1
56,45,59,14,50,0,51,26,10
45,38,59,18,50,0,44,45,10
43,51,60,25,50,0,55,22,1
47,59,43,13,50,0,56,30,8
40,45,42,17,50,0,54,26,8
89,81,36,71,50,0,55,63,6
58,55,52,22,50,0,44,22,9
59,57,46,14,50,0,52,22,9
49,41,32,21,50,0,50,32,8
35,53,35,33,50,0,50,32,8
42,32,61,13,50,0,14,27,10
50,46,42,32,50,0,56,55,8
68,50,43,27,50,0,61,22,7
50,45,49,30,50,0,47,40,10
46,41,50,44,50,0,53,22,9
32,36,34,19,50,0,55,26,8
40,51,42,13,50,0,45,25,8
70,73,37,37,50,0,48,31,6
81,76,32,37,50,0,51,22,7
65,61,39,30,50,0,57,28,8
47,43,35,32,50,0,54,22,8
42,25,60,14,50,0,45,22,1
23,34,41,28,50,0,50,27,10
85,56,33,38,100,0,55,25,4
34,31,60,37,50,0,50,30,10
59,53,47,26,50,0,53,31,10
67,63,34,41,50,0,60,33,6
70,73,38,36,50,0,54,22,6
54,51,54,52,50,0,47,25,9
53,50,54,56,50,0,49,41,9
84,63,38,23,50,0,53,22,5
89,77,36,34,50,0,44,22,5
48,43,45,17,50,0,48,37,8
36,35,47,22,50,0,44,31,8
57,49,48,16,50,0,51,22,10
43,52,53,52,100,0,49,22,1
38,49,54,100,50,0,50,27,1
43,32,56,27,50,0,47,27,10
84,87,45,54,50,0,28,22,6
27,56,56,18,50,0,52,22,1
89,82,60,49,50,0,55,22,7
86,92,50,37,100,0,53,32,4
37,55,29,32,50,0,51,22,8
87,83,57,36,50,0,36,22,5
43,45,54,14,50,0,50,31,1
52,48,54,28,50,0,54,22,10
77,60,42,33,50,0,57,22,7
76,74,56,34,50,0,51,30,7
58,76,40,37,50,0,54,30,7
94,60,33,49,50,0,54,22,7
36,44,57,18,50,0,42,22,9
42,51,39,22,50,0,49,26,8
52,48,58,55,50,0,48,22,1
42,32,48,16,50,0,55,22,3
43,38,51,24,50,0,46,33,10
48,57,52,61,50,0,51,22,9
83,53,52,20,50,0,48,25,7
36,34,46,19,50,0,52,22,7
51,43,47,19,50,0,52,37,1
54,54,49,14,50,0,56,22,1
44,41,44,13,50,0,49,42,10
52,62,54,19,50,0,50,22,9
46,40,38,18,50,0,49,22,8
68,50,55,65,50,0,46,31,9
53,44,47,22,50,0,53,22,10
48,48,50,47,50,0,55,22,9
46,14,36,21,50,0,50,25,8
50,45,48,17,50,0,50,26,1
44,53,43,17,50,0,54,75,10
46,47,46,16,50,0,51,22,1
52,49,57,57,50,0,51,22,10
62,64,56,20,50,0,48,33,10
46,32,58,17,50,0,61,25,10
78,48,47,30,50,0,53,47,7
49,62,65,18,50,0,46,43,10
50,34,62,19,50,0,57,22,1
39,37,33,23,50,0,53,26,8
39,37,56,15,50,0,50,27,1
33,37,54,28,50,0,53,27,10
39,37,33,23,50,0,52,26,8
33,38,53,26,50,0,52,27,10
48,51,57,24,50,0,50,22,1
50,62,54,66,50,0,49,22,9
47,54,54,48,50,0,53,26,9
72,58,42,28,50,0,48,22,9
41,41,51,19,50,0,57,22,9
81,65,52,41,50,0,57,26,9
50,49,52,20,50,0,43,52,10
18,48,46,12,50,0,0,25,10
26,38,52,36,50,0,48,56,10
53,51,51,11,50,0,49,41,10
58,49,50,41,50,0,57,22,9
62,60,47,16,50,0,53,22,1
68,58,51,19,50,83,54,22,2
40,52,53,52,50,0,51,22,9
51,47,41,44,50,0,50,22,8
72,56,40,26,50,0,51,26,7
49,44,45,22,50,0,51,22,1
32,47,55,25,50,0,49,22,9
46,57,52,28,50,0,52,22,10
53,48,45,44,50,0,49,27,9
49,48,46,63,50,0,52,22,9
70,53,42,22,50,0,51,28,10
68,68,49,15,50,0,53,22,5
47,60,35,21,50,0,52,22,8
55,49,45,18,50,0,49,22,10
40,53,61,21,50,0,48,33,10
57,44,42,20,50,0,54,22,1
40,47,48,18,50,0,46,22,1
34,54,54,13,50,0,52,22,1
43,83,55,20,50,0,47,40,10
55,65,50,28,50,0,55,22,10
29,46,54,27,50,0,49,22,1
46,42,60,21,50,0,40,22,5
80,81,55,35,50,0,42,22,5
79,74,49,33,50,0,48,22,5
45,48,63,67,50,0,48,22,9
66,52,52,44,50,0,56,27,9
50,49,59,47,50,0,49,36,9
54,52,54,20,50,0,55,25,10
37,31,53,16,50,0,53,44,10
43,39,59,13,50,0,41,43,10
48,47,54,55,50,0,51,65,9
60,59,45,23,50,0,55,22,9
45,73,47,65,50,0,54,43,9
66,54,49,16,50,0,54,36,10
46,55,61,13,50,0,47,22,1
42,50,53,22,50,83,50,22,2
66,66,32,54,50,0,51,22,7
74,56,35,36,50,0,51,25,7
89,52,41,26,50,0,52,31,7
67,51,54,21,50,0,43,30,9
58,46,46,34,50,0,50,43,10
40,68,50,82,50,0,44,36,9
59,57,43,26,50,0,51,22,9
39,30,56,12,50,0,53,38,10
60,62,54,40,50,0,50,22,9
36,40,53,48,50,0,48,22,9
51,42,56,38,50,0,46,22,9
41,54,58,20,50,0,52,22,9
57,40,62,30,50,0,48,11,9
52,50,59,31,50,0,50,22,9
42,53,53,64,50,0,47,22,9
50,46,64,36,50,0,49,22,9
60,51,60,38,50,83,52,24,9
45,38,64,14,50,0,54,22,9
60,57,64,52,50,0,47,28,9
53,42,58,29,50,0,50,22,9
41,52,53,41,50,0,39,33,9
45,43,63,40,50,0,59,11,9
44,44,67,35,50,0,48,26,9
58,52,61,33,50,0,38,11,9
57,61,55,27,50,0,44,21,9
57,58,58,35,50,0,49,22,9
64,64,56,21,50,0,50,22,9
56,50,61,49,50,0,46,28,9
60,46,59,16,50,0,49,22,9
36,38,56,44,50,0,48,22,9
53,52,61,35,50,0,50,22,9
62,59,54,47,50,0,46,22,9
55,50,60,31,50,0,46,27,9
58,53,57,46,50,0,51,27,9
65,53,55,52,50,0,47,27,9
38,54,54,41,50,0,51,22,9
58,53,50,53,50,0,47,31,9
61,46,51,37,50,0,51,22,9
55,59,47,64,50,0,54,33,9
54,64,50,13,50,0,49,22,9
40,74,49,16,50,0,51,22,9
76,76,35,27,50,0,44,22,6
51,56,51,42,50,0,53,36,9
43,32,50,29,50,0,50,22,9
49,44,45,55,50,0,48,22,9
32,45,44,20,50,0,55,33,10
51,60,51,26,50,0,54,22,10
49,46,42,46,50,0,55,22,10
50,56,49,61,50,0,50,22,9
51,48,51,43,50,0,49,22,9
52,38,62,12,50,0,41,28,10
53,40,57,12,50,0,53,32,10
51,56,62,24,50,0,52,51,10
63,60,50,27,50,0,55,22,9
46,44,53,31,50,0,48,22,9
58,57,54,69,50,0,54,22,9
61,59,47,49,50,0,54,22,9
63,47,56,12,50,0,50,22,9
55,53,54,40,50,0,48,22,9
41,47,58,62,50,0,50,22,9
44,53,53,37,50,0,51,22,9
57,40,48,24,50,0,55,22,1
46,46,56,12,50,0,55,22,9
47,46,55,28,50,0,44,46,10
39,35,49,17,50,0,49,22,10
58,38,40,21,50,0,50,22,1
53,41,50,24,100,0,47,22,1
43,40,50,18,50,0,50,28,1
41,59,46,19,50,0,36,22,5
58,56,52,25,50,0,57,35,10
51,65,53,19,50,0,49,22,5
81,79,32,37,50,0,41,22,6
44,41,29,21,50,0,49,22,8
49,60,55,17,50,0,44,22,1
56,63,52,20,50,0,34,26,10
42,28,57,18,50,0,42,22,10
51,46,54,41,50,0,53,22,9
60,51,52,45,50,0,50,27,9
37,41,45,14,50,0,47,22,1
37,51,57,40,50,0,48,27,9
36,39,55,26,50,0,49,22,10
50,36,53,41,50,0,55,36,1
59,58,39,52,50,0,50,31,1
78,63,53,13,50,0,54,22,7
47,59,37,31,50,0,51,36,10
48,62,52,30,50,0,51,37,10
53,61,51,49,50,0,54,27,9
48,54,53,60,50,0,53,31,10
33,46,53,29,50,0,50,55,10
36,44,51,17,50,0,60,19,10
39,34,68,30,50,0,50,29,10
11,41,67,13,50,0,45,29,10
40,53,44,18,50,0,54,31,10
47,50,55,19,50,0,62,22,1
35,50,44,27,50,0,51,22,1
36,30,50,19,50,0,55,30,10
49,44,51,18,50,0,52,27,1
35,44,54,26,50,0,52,26,10
43,28,53,34,50,0,55,57,10
33,48,55,16,50,0,53,75,10
45,21,49,24,50,0,46,31,10
44,34,61,13,50,0,49,26,10
87,47,60,47,50,0,59,22,10
30,55,58,16,50,0,61,28,10
29,34,55,24,50,0,51,22,1
75,67,51,29,50,0,52,36,9
47,47,50,15,50,0,50,48,10
51,34,49,16,50,0,53,21,10
64,76,51,18,50,0,46,22,10
45,41,58,48,50,0,53,64,10
90,54,59,20,50,0,48,22,10
88,59,54,39,50,0,41,30,10
70,51,47,24,50,0,53,25,10
25,36,58,30,50,0,58,31,10
69,62,49,0,100,0,47,22,10
83,57,42,57,50,0,50,32,7
43,38,38,12,50,0,50,22,7
78,65,40,16,50,0,63,22,9
52,64,34,16,50,0,57,22,9
75,66,64,39,50,0,46,32,9
41,49,58,22,50,0,52,22,9
58,51,56,16,50,0,34,22,10
48,49,45,23,50,0,51,22,8
39,42,49,10,50,0,49,65,10
31,42,48,17,50,0,49,53,10
39,28,54,14,50,0,59,22,9
76,67,37,22,50,0,54,22,7
49,27,57,18,50,83,54,22,2
28,48,56,16,50,0,48,26,1
69,39,52,12,50,0,38,35,1
64,52,50,26,50,0,51,31,10
56,48,50,30,50,0,51,22,1
50,50,54,16,50,0,49,22,2
47,43,59,27,50,0,55,22,2
68,59,44,49,50,0,40,26,2
50,51,57,27,50,0,48,22,2
45,46,61,20,50,0,62,22,1
53,51,36,13,50,0,52,22,8
60,54,54,53,50,0,52,27,9
49,52,53,70,50,0,51,22,9
49,45,53,16,50,0,49,31,1
51,46,57,25,50,0,53,22,1
49,45,46,18,50,0,49,31,1
52,46,51,18,50,0,50,22,1
55,59,52,10,50,0,53,22,1
39,58,50,10,50,0,51,25,1
70,84,49,28,100,0,58,22,4
33,38,45,19,50,0,54,37,10
61,46,44,47,50,0,50,37,10
41,48,38,13,50,0,51,35,8
37,42,60,13,50,0,51,22,10
45,58,59,44,50,0,56,22,9
74,89,32,24,50,0,54,32,6
28,46,26,18,50,0,39,22,3
51,46,49,21,50,0,55,22,3
80,82,57,26,50,0,57,27,3
46,49,45,28,50,0,55,22,3
40,36,55,15,50,0,53,22,3
67,46,58,30,50,0,57,27,10
50,32,49,49,50,0,48,32,9
45,53,47,43,50,0,50,27,9
75,60,43,35,50,0,45,27,9
56,68,52,39,50,0,36,22,9
48,45,59,35,50,0,55,30,9
26,28,60,20,50,0,54,31,9
59,45,58,21,50,0,49,22,9
48,52,49,35,50,50,51,22,9
59,58,47,61,50,0,44,30,9
50,57,62,25,50,0,51,22,9
57,49,50,20,50,0,51,28,1
62,43,49,29,50,0,50,27,1
45,41,49,14,100,0,53,30,1
47,49,60,15,50,0,38,22,1
41,48,54,24,50,0,37,51,10
46,46,53,23,50,0,51,22,1
48,42,48,19,50,0,58,22,1
43,45,53,19,50,0,56,22,1
28,36,55,15,50,0,57,22,1
48,46,58,26,50,0,44,22,10
74,72,50,28,50,0,50,27,5
74,72,50,28,50,0,49,27,5
38,62,52,14,50,0,53,22,1
77,72,48,26,50,0,51,22,5
44,42,57,22,50,0,50,25,10
74,74,51,27,50,0,50,22,5
39,81,35,28,50,0,51,45,8
53,54,43,18,50,0,53,31,10
38,45,37,19,50,0,52,30,8
40,37,54,13,50,0,48,22,10
31,30,34,19,50,0,55,30,8
50,42,57,49,50,0,48,27,10
59,61,51,62,50,0,51,38,9
45,40,43,22,50,0,51,48,10
47,54,53,77,50,0,52,36,9
77,78,51,28,50,0,33,22,5
74,71,52,30,50,0,27,22,5
77,73,51,27,50,0,34,22,5
47,61,50,23,50,0,49,22,8
78,69,44,26,50,0,54,22,6
49,60,30,34,50,0,50,43,8
27,56,30,14,50,0,52,39,8
40,39,33,17,50,0,51,31,3
55,51,54,20,50,0,56,22,1
95,71,27,39,50,0,31,22,7
97,71,29,42,50,0,35,22,7
44,43,34,21,50,0,55,40,8
39,49,30,19,50,0,52,31,8
38,48,51,13,50,0,50,32,10
37,51,39,18,50,0,51,27,8
27,49,36,26,50,0,49,26,8
49,48,52,20,50,0,55,22,10
36,39,54,16,50,0,50,28,10
54,53,48,14,50,0,49,33,10
37,48,50,26,50,0,52,39,10
25,39,50,23,50,0,50,28,10
49,71,54,13,50,0,58,22,10
56,50,56,26,50,0,53,27,10
41,53,41,15,50,0,54,25,10
50,45,53,21,50,0,28,22,10
46,37,48,36,50,0,48,22,2
66,55,34,20,50,0,62,22,8
42,65,58,34,50,0,50,22,9
45,47,53,15,50,0,52,27,1
42,28,51,23,50,0,53,27,10
51,48,46,29,50,0,54,22,1
75,69,48,13,50,0,57,40,3
69,70,50,30,50,0,54,22,3
63,55,53,51,50,0,55,22,3
55,63,54,16,50,0,45,27,1
46,62,54,25,50,0,46,22,1
53,59,48,14,50,0,51,22,1
42,53,57,17,50,0,49,22,1
52,46,56,20,50,0,50,22,1
53,43,57,24,50,0,39,28,1
33,35,56,19,50,0,50,22,10
45,48,56,56,50,0,47,22,10
56,48,50,17,50,0,51,26,1
77,57,45,17,50,0,53,22,1
56,59,54,18,50,0,48,46,10
33,39,52,9,50,0,47,28,10
48,41,54,39,50,0,51,22,10
30,30,46,32,50,0,45,22,10
38,26,60,10,50,0,48,44,10
68,39,50,15,50,0,48,37,10
62,41,52,17,50,0,48,22,10
52,37,48,13,50,0,55,22,10
32,48,49,17,50,0,47,22,10
34,35,58,20,50,0,46,32,10
33,21,53,15,100,0,52,50,10
49,45,57,24,50,0,47,38,10
40,28,48,6,50,0,49,42,10
51,39,56,25,50,0,51,33,10
45,45,52,17,50,0,54,22,1
28,51,55,19,50,0,57,22,1
51,51,56,28,50,0,54,27,1
48,56,49,32,50,0,50,22,1
59,46,48,46,50,0,49,22,1
51,46,40,65,50,0,49,22,9
37,44,51,56,50,0,50,38,10
81,55,35,34,50,0,51,22,7
53,45,53,18,50,0,42,22,1
45,27,50,33,50,0,53,26,1
36,33,38,15,50,0,55,36,8
48,50,56,11,50,0,33,22,1
35,47,53,19,50,0,48,22,1
48,48,56,18,50,0,58,22,1
60,59,47,47,50,0,53,22,9
45,53,51,42,50,0,52,22,9
29,40,41,48,50,0,53,30,10
58,53,33,26,50,0,51,22,8
46,43,50,24,50,0,48,31,1
43,46,50,21,50,0,49,34,1
61,55,51,26,50,0,52,22,1
50,62,52,30,50,0,56,22,9
49,45,54,40,50,0,55,22,9
64,53,59,14,50,0,53,22,9
57,60,54,17,50,0,52,22,9
38,31,59,19,50,0,46,22,9
68,53,44,31,50,0,51,22,9
24,41,47,16,50,0,51,38,10
61,39,53,14,50,0,43,26,10
39,16,59,8,50,0,51,27,10
33,28,50,40,50,0,46,61,10
51,55,56,18,50,0,50,38,10
39,44,54,24,50,0,51,49,10
43,48,53,18,50,0,46,22,10
47,43,48,16,50,0,46,27,10
52,50,51,20,50,0,51,22,10
33,28,52,15,50,0,51,86,10
36,48,50,13,50,0,49,60,10
45,54,49,29,50,0,49,25,10
55,59,53,15,50,0,49,22,10
31,39,55,28,50,0,46,31,10
43,41,51,34,50,0,49,28,10
64,50,53,10,50,0,51,22,10
41,52,56,26,50,0,48,32,10
48,47,59,41,50,0,56,27,10
49,49,51,29,50,0,52,71,10
41,52,51,22,50,0,52,44,10
51,61,50,23,50,0,52,61,10
59,47,51,53,50,0,53,26,1
40,60,50,16,50,0,51,22,1
54,53,53,17,50,0,51,39,10
61,46,54,11,50,0,47,22,1
66,55,54,18,50,0,43,22,1
53,46,54,37,50,0,51,30,10
41,41,43,61,50,0,53,22,9
58,31,60,12,50,0,47,33,10
49,67,50,28,50,0,43,22,10
44,33,55,16,50,0,49,22,10
44,45,53,19,50,0,41,28,10
57,55,52,16,50,0,49,39,10
45,66,39,11,50,0,54,22,8
32,49,53,28,50,0,50,50,10
35,42,56,28,50,0,47,22,10
46,41,58,10,50,0,48,22,10
57,51,58,22,50,0,51,22,10
47,47,54,19,50,0,51,33,10
34,58,50,26,50,0,51,22,10
55,45,58,25,50,0,49,22,10
40,66,34,21,50,0,52,26,10
42,21,59,30,50,0,47,27,10
60,48,46,32,50,0,40,33,1
64,44,51,35,50,0,53,22,1
35,40,44,25,50,0,53,57,10
55,38,64,42,50,0,47,22,9
45,43,50,25,50,0,47,22,9
47,53,48,51,50,0,54,22,9
45,49,57,25,50,0,48,22,10
45,52,50,12,50,0,60,22,1
56,51,32,49,50,0,48,22,10
37,58,50,22,50,0,47,22,10
47,45,51,33,50,0,46,26,10
50,36,64,37,50,0,37,33,10
43,44,64,19,50,0,38,33,10
38,40,59,25,50,0,44,22,1
39,39,59,25,50,0,45,22,1
54,55,56,14,50,0,50,25,1
45,50,57,29,50,0,44,11,1
45,50,57,29,50,0,44,11,1
61,38,57,36,50,0,44,21,1
61,38,57,36,50,0,44,21,1
43,33,54,37,50,0,38,16,1
43,33,54,37,50,0,38,16,1
51,39,58,19,50,0,47,22,1
72,51,52,8,50,0,54,22,10
35,41,53,27,50,0,47,29,10
56,49,54,15,50,0,50,35,10
57,37,43,27,50,0,53,28,10
57,49,61,26,50,0,52,22,10
48,45,63,19,50,0,58,22,10
34,48,47,19,50,0,50,30,10
54,57,55,18,50,0,50,22,10
38,44,55,44,50,0,47,51,10
40,30,57,13,50,0,46,22,10
27,31,55,13,50,0,50,22,10
52,46,56,25,50,0,52,22,10
44,50,55,24,50,0,48,22,10
34,47,48,32,50,0,42,22,10
50,56,63,25,50,0,42,22,10
46,53,47,37,50,0,51,36,10
31,60,65,18,50,0,46,22,10
57,42,63,22,50,0,68,32,10
37,45,53,14,50,0,49,22,10
38,38,54,24,50,0,54,22,10
36,49,55,21,50,0,55,33,10
29,40,50,16,50,0,51,34,10
37,30,51,15,50,0,58,26,10
35,33,48,42,50,0,47,43,1
46,35,69,18,50,0,30,25,1
46,35,69,18,50,0,30,25,1
57,43,52,30,50,0,37,11,1
57,43,52,30,50,0,37,11,1
59,51,48,12,50,0,54,31,1
59,51,48,12,50,0,54,31,1
61,53,59,17,50,0,44,28,1
61,48,56,19,50,0,53,31,1
61,48,56,19,50,0,53,31,1
44,56,52,18,50,0,50,11,1
36,56,52,18,50,0,45,16,1
37,44,64,48,50,0,36,27,1
72,37,63,38,50,0,40,14,1
72,37,63,38,50,0,40,14,1
44,36,64,45,50,0,53,11,1
58,45,55,27,50,0,48,11,1
63,64,45,26,50,0,43,22,1
63,64,45,26,50,0,43,22,1
43,33,67,12,50,0,45,23,1
43,33,67,12,50,0,43,23,1
58,44,50,26,50,0,52,22,1
38,43,53,22,50,0,48,11,1
40,45,61,29,50,0,44,22,1
40,45,61,29,50,0,44,22,1
34,34,65,40,50,0,32,16,1
34,34,65,40,50,0,32,16,1
43,22,79,79,50,0,22,0,1
35,21,100,80,50,0,13,1,1
35,21,100,80,50,0,13,1,1
56,35,47,41,50,0,50,22,1
56,35,47,35,50,0,52,22,1
54,44,55,48,50,0,47,22,1
35,39,56,20,50,0,49,41,1
48,46,58,16,50,0,45,22,1
48,55,48,10,50,0,55,22,1
66,60,52,19,50,0,69,22,1
69,54,55,23,50,0,73,22,1
73,60,47,20,50,0,72,22,1
78,82,56,21,50,0,69,22,1
42,49,49,36,50,0,57,26,9
44,62,53,27,50,0,49,22,10
56,61,52,19,50,0,52,32,10
47,56,46,50,50,0,51,22,9
46,33,45,22,50,0,41,37,1
52,43,61,22,50,0,45,22,1
52,43,61,22,50,0,45,22,1
32,44,54,21,50,0,40,19,1
32,44,54,21,50,0,40,19,1
48,41,52,33,50,0,51,26,1
46,39,54,22,50,0,48,25,1
46,39,54,22,50,0,48,25,1
42,50,64,13,50,0,49,22,1
46,54,59,41,50,0,53,21,1
46,54,59,41,50,0,53,21,1
39,65,57,19,50,0,44,25,1
39,65,57,19,50,0,43,25,1
38,50,52,44,50,0,54,11,1
38,50,52,44,50,0,54,11,1
51,52,58,17,50,0,47,28,1
57,48,54,22,50,0,50,11,1
50,50,62,23,50,0,35,11,1
41,49,65,28,50,0,59,57,1
53,57,60,36,50,0,50,22,1
53,57,60,36,50,0,50,22,1
37,30,62,43,50,0,44,39,1
37,30,62,43,50,0,44,39,1
60,57,52,14,50,0,46,48,10
42,38,52,29,50,0,42,22,10
41,46,58,8,50,0,51,28,10
49,40,58,23,50,0,47,27,1
37,37,51,38,50,0,44,22,1
57,50,40,8,50,0,47,22,8
51,40,50,28,50,0,48,27,1
34,25,55,28,50,0,51,49,1
77,86,44,27,50,0,48,22,6
59,54,53,14,50,0,48,22,1
50,48,48,23,50,0,53,68,1
39,100,38,41,50,0,50,27,9
56,42,52,14,50,0,51,22,1
39,46,33,18,50,0,53,22,8
52,54,47,49,50,0,54,22,9
46,49,55,18,50,0,56,22,10
56,65,49,56,50,0,49,22,9
53,51,55,57,50,0,46,22,9
54,64,40,56,50,0,51,22,9
47,58,47,52,50,0,54,22,9
46,42,51,16,50,0,56,22,1
60,51,49,18,50,0,53,38,1
85,66,49,18,50,0,51,22,6
55,52,44,20,50,0,56,22,7
49,38,56,9,50,0,46,22,1
38,40,53,12,50,0,55,22,1
55,55,52,13,50,0,53,25,1
46,44,58,17,50,0,55,22,1
34,46,52,19,50,0,53,26,1
58,56,46,14,50,0,51,22,1
46,47,44,18,100,0,46,22,7
44,71,50,21,50,0,54,27,1
56,49,32,22,50,0,50,22,7
41,49,47,9,50,0,49,22,1
44,51,53,30,50,0,53,22,1
54,51,56,15,50,0,54,31,1
51,51,32,27,50,0,54,22,8
46,38,51,20,50,0,51,22,1
55,72,35,26,50,0,49,22,8
54,44,35,19,50,0,51,27,8
65,66,37,12,50,0,52,27,8
41,40,56,17,50,0,56,22,1
39,71,38,14,50,0,50,22,7
37,42,46,15,50,0,51,31,7
59,55,57,18,50,0,51,22,1
48,51,50,24,50,0,54,38,1
39,30,63,20,50,0,43,47,1
47,52,54,25,50,0,54,29,9
77,82,40,36,50,0,38,22,6
52,55,39,9,100,0,55,25,8
42,28,33,23,50,0,39,26,8
47,37,46,28,50,0,52,99,10
48,50,47,29,50,0,46,27,10
30,33,55,12,50,0,53,38,1
49,49,52,18,50,0,51,25,10
54,59,57,34,50,0,49,22,10
70,78,53,24,50,0,48,22,3
85,69,34,31,50,0,57,30,6
56,59,45,15,50,0,54,22,9
47,56,53,44,50,0,53,22,9
53,49,47,21,50,0,53,22,1
70,57,34,19,50,0,53,27,7
42,43,67,70,50,0,42,25,1
47,44,53,18,50,0,47,29,10
40,49,53,23,50,0,44,26,10
45,65,51,17,50,0,49,22,10
42,42,55,31,50,0,43,22,10
45,41,53,49,50,0,49,31,10
42,28,49,22,50,0,55,34,10
47,50,47,22,50,0,53,45,10
33,42,55,23,50,0,52,43,10
56,55,57,15,50,0,54,25,1
37,47,49,12,50,0,47,31,10
32,60,48,13,50,0,53,22,10
38,42,31,35,50,0,52,22,8
46,56,56,25,50,0,43,22,10
47,55,57,17,50,0,52,66,10
37,55,52,13,50,0,42,80,1
46,48,38,22,50,0,39,45,8
80,69,53,33,50,0,51,22,7
52,65,36,37,50,0,52,34,8
19,16,68,36,50,0,49,21,10
64,31,53,15,50,0,53,31,1
40,43,36,33,50,0,51,22,8
47,56,51,20,50,0,52,59,10
40,75,44,12,50,0,49,22,10
48,55,58,18,50,0,38,69,10
57,51,34,13,50,0,53,27,9
23,37,32,13,50,0,53,22,9
54,50,51,26,50,0,52,22,1
60,64,56,36,50,0,46,27,1
27,41,24,20,50,0,49,22,8
25,35,22,18,50,0,46,22,8
39,45,51,29,50,0,54,22,1
33,47,55,24,50,0,45,67,10
37,40,38,18,50,0,51,22,8
43,47,47,18,50,0,47,22,1
66,43,57,60,50,0,19,33,10
55,40,62,22,50,0,37,28,10
33,46,60,18,50,0,51,26,10
51,50,54,11,50,0,60,22,10
54,60,57,17,50,0,44,22,10
45,57,38,28,50,0,53,31,8
55,57,51,7,50,0,55,22,1
54,47,58,40,50,0,46,27,9
36,32,55,27,50,0,47,43,10
46,41,45,23,50,0,48,22,10
40,39,60,23,50,0,52,31,10
52,47,58,18,50,0,34,11,1
52,47,58,18,50,0,34,11,1
50,45,51,19,50,0,53,25,1
57,55,51,18,50,0,51,43,10
44,43,46,28,50,0,45,29,10
46,50,50,28,50,0,50,37,10
66,65,54,40,50,0,51,22,5
77,73,49,46,50,0,38,22,5
38,58,46,21,50,0,52,22,10
32,68,51,16,50,83,55,22,2
27,46,52,17,50,0,49,44,10
52,45,45,13,50,0,48,22,10
37,29,45,15,50,0,49,22,10
37,48,67,37,50,0,56,62,10
44,59,54,18,50,0,49,22,10
48,65,36,24,50,0,54,31,10
59,49,45,22,50,0,45,31,10
73,52,59,25,50,0,51,22,10
50,43,50,17,50,0,46,47,10
23,13,51,16,50,0,53,51,10
49,60,54,35,50,0,53,46,10
52,31,56,16,50,0,55,22,10
49,48,51,21,50,0,53,22,10
49,60,42,18,50,0,58,28,10
60,62,54,11,50,0,51,22,10
55,47,53,20,50,0,40,22,10
47,32,51,24,50,0,54,27,10
53,25,59,27,50,0,45,26,10
31,50,54,32,50,0,53,31,10
25,33,48,18,50,0,42,33,10
55,46,47,15,50,0,47,22,8
61,50,61,21,50,0,55,54,1
50,52,51,22,50,0,46,37,1
62,33,49,24,50,0,51,42,1
56,52,46,17,50,0,49,73,1
52,56,55,16,50,0,53,39,1
53,48,51,18,50,0,52,27,1
51,48,51,19,50,0,51,27,1
51,48,51,26,50,0,51,27,1
53,48,51,18,50,0,51,27,1
60,46,51,10,50,0,48,31,1
60,46,51,10,50,0,48,31,1
44,39,63,11,50,0,49,26,10
51,50,49,45,50,0,48,22,9
45,45,51,30,50,0,48,44,1
38,42,47,12,50,0,47,53,10
19,66,60,14,50,0,20,25,10
41,42,23,16,50,0,40,22,8
25,42,21,14,50,0,41,22,8
70,58,53,39,50,0,59,22,5
49,31,43,24,50,0,54,22,8
46,41,43,18,50,0,54,22,8
83,81,45,38,50,0,40,26,5
38,51,56,21,50,0,48,31,10
32,36,28,38,50,0,50,40,8
40,65,38,17,50,0,57,22,8
36,37,63,25,50,0,30,22,1
49,55,41,19,50,0,48,31,8
30,45,55,19,50,0,53,40,1
88,72,32,30,50,0,52,33,6
44,40,53,19,50,0,48,27,1
45,57,52,21,50,0,54,38,10
46,61,38,35,50,0,49,22,8
55,41,67,61,50,0,49,14,9
28,18,72,26,50,0,49,25,9
66,65,53,17,50,0,47,66,10
36,50,39,23,50,0,50,22,8
48,54,56,29,50,0,51,43,10
33,37,49,22,50,0,55,22,1
58,43,32,11,50,0,49,22,3
58,64,42,30,50,0,54,22,10
74,82,46,24,50,0,50,31,5
74,82,46,24,50,0,48,22,5
75,76,58,22,50,0,49,22,5
58,37,58,16,50,0,51,22,10
39,39,65,16,50,0,45,22,1
51,59,55,21,50,0,52,22,1
41,35,60,22,50,0,56,79,1
43,28,41,32,50,0,52,22,8
41,49,55,13,50,0,55,22,1
23,29,46,0,50,0,43,31,1
25,48,45,32,50,0,40,22,1
38,34,55,44,50,0,48,26,1
61,54,54,38,50,0,54,29,9
48,17,37,33,50,0,44,36,10
47,47,50,19,50,0,51,26,10
55,38,52,16,50,0,49,64,10
41,39,61,17,50,0,50,61,10
41,56,53,16,50,0,55,26,10
78,73,27,28,50,0,56,22,6
31,51,38,18,50,0,46,31,8
63,64,49,20,50,0,52,25,1
31,40,31,17,50,0,52,22,8
44,65,49,16,50,0,48,31,10
48,44,46,37,50,0,46,36,1
50,49,46,22,50,0,53,25,1
62,42,47,16,50,0,52,22,1
50,45,52,18,50,0,52,22,1
59,51,47,21,50,0,47,22,1
39,47,49,20,50,0,53,26,1
49,48,52,24,50,0,50,22,1
59,48,49,42,50,0,52,22,1
57,35,50,43,50,0,53,22,1
61,52,50,44,50,0,53,22,1
49,51,52,13,50,0,51,33,10
45,40,56,15,50,0,52,22,10
63,43,48,11,50,0,51,22,1
63,43,48,11,50,0,51,22,1
52,45,53,34,50,0,52,44,1
54,48,55,33,50,0,55,40,1
55,79,45,25,50,0,51,22,10
58,51,63,20,50,0,50,42,10
63,58,57,10,50,0,52,33,10
54,67,56,15,50,0,57,33,10
41,59,65,14,50,0,49,33,10
47,38,50,15,50,0,49,47,10
33,17,52,13,50,0,51,75,10
42,50,59,17,50,0,51,22,1
54,55,55,40,50,0,53,22,1
31,31,57,15,50,0,50,22,1
38,42,50,19,50,0,44,22,1
33,36,62,26,50,0,55,22,1
38,42,50,19,50,0,44,22,1
47,56,58,19,50,0,44,64,1
32,32,52,18,50,0,48,34,1
28,27,50,14,50,0,50,28,1
41,46,57,25,50,0,57,38,1
44,54,51,16,50,0,58,22,1
44,55,51,16,50,0,60,22,1
77,70,44,29,50,0,56,22,6
40,56,53,15,50,0,49,22,1
79,79,42,26,50,0,60,22,6
80,83,43,24,50,0,54,22,6
58,55,51,13,50,0,52,22,1
55,69,51,12,50,0,51,22,1
47,46,53,12,50,0,51,25,10
57,29,63,22,50,0,49,27,10
52,49,59,21,50,0,47,22,10
41,42,53,17,50,0,48,58,10
45,36,50,19,50,0,53,70,10
53,51,54,21,50,0,45,22,10
49,50,42,43,50,0,50,36,3
44,49,49,27,50,0,52,22,1
25,26,53,17,50,0,45,22,1
49,46,54,18,50,0,35,22,1
42,37,54,17,50,0,51,22,1
42,45,75,21,50,0,48,22,1
39,45,75,17,50,0,51,22,1
63,54,53,27,50,0,49,22,1
54,43,48,27,50,0,44,41,1
40,44,50,13,50,0,52,39,1
55,39,39,47,50,0,50,83,8
59,48,41,53,50,0,48,56,8
49,38,49,15,50,0,53,25,10
53,45,52,29,50,0,55,38,9
62,60,54,22,50,0,54,27,1
33,46,53,12,50,0,50,27,1
57,36,51,25,50,0,54,25,1
45,76,51,25,50,0,59,22,1
48,44,51,24,50,0,49,22,1
59,64,44,26,50,0,50,22,1
79,56,53,19,50,0,47,35,1
50,50,48,34,50,0,52,27,10
79,62,35,35,50,0,60,28,7
52,50,60,20,50,0,52,22,1
59,46,57,17,50,0,52,22,1
53,42,53,19,50,0,47,22,1
59,46,55,17,50,0,52,25,1
61,73,50,58,50,0,50,22,9
50,43,56,17,50,0,35,22,10
36,52,61,33,50,0,52,37,10
66,54,53,17,50,0,54,22,1
52,51,48,12,50,0,54,31,1
56,46,51,25,50,0,54,22,1
47,46,49,27,50,0,59,22,1
50,46,49,27,50,0,60,22,1
43,48,36,26,50,0,52,22,8
50,44,57,28,50,0,57,22,1
46,47,62,30,50,0,38,22,1
59,70,46,19,50,0,54,44,1
19,41,55,13,50,0,52,25,1
27,43,50,13,50,0,54,31,1
42,46,44,17,50,0,51,42,1
49,36,47,28,50,0,56,54,10
42,51,33,16,50,0,54,22,8
34,42,48,19,50,0,46,31,10
60,57,63,22,50,0,50,49,10
53,44,54,52,50,0,49,38,10
48,39,56,23,50,0,60,22,1
56,49,47,13,50,0,52,22,10
47,59,56,9,50,0,50,22,1
40,28,58,44,50,0,41,22,1
54,35,55,19,50,0,30,22,1
50,47,45,14,50,0,53,32,8
55,49,60,18,50,0,51,22,10
55,44,50,9,50,0,55,22,3
66,37,60,25,50,0,69,22,9
51,49,48,55,50,0,52,58,1
36,51,51,17,50,0,52,22,3
68,68,35,16,50,0,62,22,3
44,35,55,14,50,0,52,22,3
73,59,35,15,50,0,54,22,3
60,37,52,15,50,0,55,26,3
64,61,56,15,50,0,54,22,3
48,58,58,12,50,0,49,22,3
65,58,53,21,50,0,51,22,3
48,49,49,26,50,0,39,27,3
57,54,32,15,50,0,52,25,3
40,36,32,16,50,0,51,27,3
50,55,52,16,50,0,51,31,1
65,63,47,22,50,0,52,27,1
41,48,51,20,50,0,51,22,1
25,40,54,16,50,0,43,22,1
63,56,52,21,50,0,50,22,1
56,68,42,36,50,0,49,22,1
57,47,48,17,50,0,52,26,3
46,52,51,13,50,0,47,22,1
50,40,57,17,50,0,59,22,1
78,71,35,25,50,0,49,22,6
64,56,52,17,50,0,54,47,10
100,80,29,36,50,0,52,22,6
51,39,56,55,50,0,46,64,9
69,66,36,9,50,0,56,22,6
40,45,45,15,50,0,53,48,10
49,53,36,15,50,0,52,27,8
39,63,41,27,50,0,49,22,8
45,51,43,22,50,0,57,22,10
77,78,27,37,50,0,49,22,6
88,75,41,36,50,0,43,22,7
49,49,40,20,50,0,48,26,8
57,53,60,28,50,0,52,45,10
53,52,49,27,50,0,51,22,1
50,47,56,31,50,0,56,26,1
71,79,41,38,50,0,54,22,6
33,49,46,22,50,0,53,33,8
47,41,46,18,50,0,53,22,8
45,39,46,29,50,0,42,22,9
59,56,50,48,50,0,46,22,9
32,30,57,38,50,0,50,25,10
26,30,37,15,50,0,53,25,8
28,41,46,18,50,0,47,39,10
45,50,43,16,50,0,52,28,8
24,25,57,28,50,0,51,11,1
46,61,55,29,50,0,49,22,9
54,44,38,22,50,0,54,30,8
22,53,36,22,50,0,54,31,8
25,41,47,14,50,0,56,68,10
43,41,37,18,50,0,54,31,8
40,44,47,25,50,0,54,56,10
46,59,38,12,50,0,50,22,8
80,82,40,31,50,0,57,25,6
29,39,46,36,50,0,51,22,10
40,40,43,19,50,83,48,22,2
57,52,46,20,50,83,52,41,2
43,60,40,12,50,0,49,29,8
56,71,47,21,50,0,52,22,9
65,62,26,33,50,0,55,22,8
77,70,37,12,50,0,49,26,6
47,61,32,27,50,0,50,30,8
71,51,49,23,50,0,30,32,7
59,48,49,49,50,0,36,32,1
58,63,52,70,50,0,46,22,9
30,68,41,17,50,0,51,22,8
74,73,32,20,50,0,55,22,6
55,35,36,29,50,0,51,22,8
35,32,31,16,50,0,56,22,8
67,61,39,24,50,0,51,22,8
69,57,39,19,50,0,48,39,7
47,41,53,27,50,0,47,25,9
39,56,34,18,50,0,49,22,8
51,38,42,21,50,0,46,34,8
32,45,39,14,50,0,45,22,8
75,73,35,33,50,0,49,28,6
54,54,56,18,50,0,46,29,10
71,64,42,28,50,0,43,22,5
28,48,36,16,50,0,53,22,8
58,44,45,32,50,0,52,37,10
52,65,36,26,50,0,44,22,8
64,44,56,15,50,0,56,22,1
48,58,47,17,50,0,53,74,1
42,71,45,15,50,0,48,22,8
38,37,36,14,50,0,54,22,8
40,40,44,37,50,0,53,25,10
38,56,38,16,50,0,53,22,8
80,79,43,25,50,0,52,22,5
63,65,42,18,50,0,54,27,8
47,40,63,19,50,0,52,32,10
83,94,32,21,50,0,51,22,6
61,76,30,16,50,0,45,41,8
33,38,47,14,50,0,51,47,10
38,67,33,17,50,0,51,22,8
39,33,33,23,50,0,47,22,8
50,63,45,13,50,0,45,32,8
20,60,50,29,50,0,51,22,8
29,26,43,17,50,0,55,30,8
51,46,41,36,50,0,49,22,8
92,66,52,23,50,0,53,22,6
49,56,37,20,50,0,53,22,8
86,78,34,15,50,0,53,22,7
38,44,57,14,50,0,53,52,10
72,73,41,28,50,0,44,22,6
80,73,47,19,50,0,49,22,6
49,55,35,23,50,0,57,22,8
63,71,44,53,50,0,52,22,7
60,68,30,27,50,0,55,22,8
40,43,49,17,50,0,51,36,10
82,63,47,18,50,0,50,22,2
77,68,35,19,50,0,53,43,6
51,59,46,13,50,0,48,22,9
52,46,34,20,50,0,51,25,8
47,50,60,63,50,0,38,16,1
34,24,51,15,50,0,54,40,10
35,29,46,14,50,0,54,66,10
58,67,49,16,50,0,47,28,9
85,85,30,31,50,0,55,42,6
36,48,61,26,50,0,50,16,10
41,25,59,44,50,0,60,69,10
30,37,40,45,50,0,48,41,8
57,59,49,86,50,0,47,22,10
38,40,39,19,50,0,46,62,10
77,74,37,29,50,0,45,22,6
47,38,58,19,50,0,57,22,1
50,61,44,20,50,0,49,22,9
41,45,46,23,50,0,50,70,1
46,62,46,54,50,0,51,27,9
74,75,45,44,50,0,52,22,2
52,53,58,69,50,0,50,22,9
41,47,50,14,50,0,53,37,10
25,40,52,15,50,0,56,28,10
58,56,38,39,50,0,54,57,10
32,29,29,8,50,0,52,22,8
38,48,57,30,50,0,41,11,1
39,58,47,18,50,0,48,22,9
38,47,47,18,50,0,44,26,9
63,57,50,48,50,0,51,22,9
51,45,62,25,50,0,59,22,9
59,67,54,19,50,0,48,60,10
60,61,54,11,50,0,46,22,1
48,61,57,17,50,0,45,22,1
71,50,50,18,50,0,46,22,1
61,48,54,25,50,0,50,22,1
38,32,64,41,50,0,44,11,1
38,40,66,35,50,0,43,11,1
81,62,43,17,50,0,53,22,7
47,43,61,40,50,0,48,47,10
67,57,36,19,50,0,56,22,7
43,40,60,16,50,0,53,39,10
65,54,54,13,50,0,53,22,1